FECHA_CORTE,FECHA_EMISION,COD,TENSION_1,TENSION_2,MAX_DEM_SP,MAX_DEM_AP,POT_INST,ETIQUETA,PROPIEDAD,X,Y,COD_SIST,NOM_SIST,EMPRESA,LONGITUD,LATITUD
20260213,20241231,21338949,"13,2 kV",440/220 V,9.17,1.0,300.0,E343490,Tercero,768399.98,8993583.28,SE0119,CHIMBOTE,ELNM,-78.558147831,-9.09641967800002
20260213,20241231,21338957,"13,2 kV",380/220 V,94.0,1.0,100.0,E343495,Distribuidora,771849.46,8993524.35,SE0119,CHIMBOTE,ELNM,-78.526781434,-9.09674069499999
20260213,20241231,21338959,"13,2 kV",380/220 V,3.15,1.0,75.0,E343496,Distribuidora,771935.55,8993616.5,SE0119,CHIMBOTE,ELNM,-78.526004433,-9.09590266200001
20260213,20241231,21338963,"13,2 kV",440/220 V,103.27,1.0,300.0,E343498,Tercero,768292.85,9000709.39,SE0119,CHIMBOTE,ELNM,-78.55955691,-9.03202896400001
20260213,20241231,21338991,"13,2 kV",380/220 V,23.52,0.0,160.0,E343512,Tercero,764979.52,8995712.16,SE0119,CHIMBOTE,ELNM,-78.589376164,-9.07738807800001
20260213,20241231,21338993,"13,2 kV",440/220 V,62.4,0.0,250.0,E343513,Tercero,773548.05,8992762.93,SE0119,CHIMBOTE,ELNM,-78.51129049,-9.10351608600001
20260213,20241231,21338997,"13,2 kV",220 V,64.19,0.0,160.0,E343515,Tercero,764742.7,8995816.26,SE0119,CHIMBOTE,ELNM,-78.59153558,-9.07646153299999
20260213,20241231,21339001,"13,2 kV",220 V,17.37,1.0,100.0,E343517,Distribuidora,776018.9,8990570.35,SE0119,CHIMBOTE,ELNM,-78.488687273,-9.12317464500001
20260213,20241231,21339003,"13,2 kV",380/220 V,1.0,0.0,100.0,E343518,Distribuidora,772315.09,8991022.49,SE0119,CHIMBOTE,ELNM,-78.522392166,-9.11932006500001
20260213,20241231,21339027,"13,2 kV",220 V,11.28,0.0,100.0,E343530,Distribuidora,768295.36,8992319.46,SE0119,CHIMBOTE,ELNM,-78.559021559,-9.10784691499998
20260213,20241231,21337529,"13,2 kV",380/220 V,74.73,1.0,1050.0,E343674,Tercero,767870.94,8992414.41,SE0119,CHIMBOTE,ELNM,-78.562886388,-9.10701473099999
20260213,20241231,21347409,"13,2 kV",220 V,28.76,1.95,50.0,E341751,Distribuidora,772165.83,8990776.36,SE0119,CHIMBOTE,ELNM,-78.523733967,-9.12155347300001
20260213,20241231,21347411,"13,2 kV",220 V,32.12,2.24,100.0,E340435,Distribuidora,772524.71,8990689.29,SE0119,CHIMBOTE,ELNM,-78.52046541,-9.12231803399999
20260213,20241231,21347413,"13,2 kV",220 V,44.69,2.01,125.0,E340455,Distribuidora,771827.39,8991066.02,SE0119,CHIMBOTE,ELNM,-78.526829278,-9.1189569
20260213,20241231,21347415,"13,2 kV",380/220 V,34.32,3.73,75.0,E340081,Distribuidora,766356.78,8995072.22,SE0119,CHIMBOTE,ELNM,-78.57681551,-9.08308827799999
20260213,20241231,21347417,"13,2 kV",220 V,13.67,1.03,125.0,E340483,Distribuidora,770109.62,8990778.1,SE0119,CHIMBOTE,ELNM,-78.542430359,-9.12166465799999
20260213,20241231,21346185,"13,2 kV",380/220 V,22.83,2.56,75.0,E340014,Distribuidora,766250.97,8995760.56,SE0119,CHIMBOTE,ELNM,-78.577819305,-9.07687419299998
20260213,20241231,21346187,"13,2 kV",380/220 V,31.39,2.17,75.0,E340201,Distribuidora,767369.63,8996321.31,SE0119,CHIMBOTE,ELNM,-78.567682899,-9.07173917400002
20260213,20241231,21346189,"13,2 kV",380/220 V,15.21,1.71,50.0,E340422,Distribuidora,771087.5,8992437.09,SE0119,CHIMBOTE,ELNM,-78.533641778,-9.10661279200002
20260213,20241231,21346207,"13,2 kV",380/220 V,24.09,2.82,50.0,E341078,Distribuidora,773845.41,8988823.2,SE0119,CHIMBOTE,ELNM,-78.508339802,-9.13909867299998
20260213,20241231,21346211,"13,2 kV",220 V,44.86,0.0,160.0,E341678,Tercero,764731.65,8995764.73,SE0119,CHIMBOTE,ELNM,-78.591632936,-9.07692787299999
20260213,20241231,21346217,"13,2 kV",220 V,1.0,1.0,200.0,E341684,Distribuidora,763679.18,8997190.73,SE0119,CHIMBOTE,ELNM,-78.601287508,-9.06410398200001
20260213,20241231,21346219,"13,2 kV",380/220 V,14.74,1.18,37.5,E341685,Distribuidora,767462.17,8992818.16,SE0119,CHIMBOTE,ELNM,-78.566627793,-9.103390977
20260213,20241231,21346243,"13,2 kV",380/220 V,15.69,1.06,50.0,E340300,Distribuidora,765378.17,8998065.74,SE0119,CHIMBOTE,ELNM,-78.585893862,-9.05609488099998
20260213,20241231,21346245,"13,2 kV",380/220 V,24.89,1.42,37.5,E341089,Distribuidora,773256.94,8989104.32,SE0119,CHIMBOTE,ELNM,-78.51370832,-9.13659505999999
20260213,20241231,21346247,"13,2 kV",380/220 V,33.84,4.41,50.0,E341084,Distribuidora,773733.83,8989994.79,SE0119,CHIMBOTE,ELNM,-78.509427941,-9.12851865499999
20260213,20241231,21346257,"13,2 kV",380/220 V,38.33,1.79,50.0,E340474,Distribuidora,770024.95,8991372.74,SE0119,CHIMBOTE,ELNM,-78.543237001,-9.11629630099998
20260213,20241231,21346261,"13,2 kV",220 V,10.66,0.08,50.0,E340416,Distribuidora,769813.04,8991867.9,SE0119,CHIMBOTE,ELNM,-78.545194374,-9.11183471099997
20260213,20241231,21346263,"13,2 kV",380/220 V,23.73,1.77,50.0,E340464,Distribuidora,770689.58,8991488.03,SE0119,CHIMBOTE,ELNM,-78.53720099,-9.11521359
20260213,20241231,21346265,"13,2 kV",220 V,13.93,1.0,75.0,E340269,Distribuidora,762766.14,8996143.21,SE0119,CHIMBOTE,ELNM,-78.609525866,-9.07362492099998
20260213,20241231,21346267,"13,2 kV",220 V,32.93,2.48,75.0,E340368,Distribuidora,765575.21,8995982.35,SE0119,CHIMBOTE,ELNM,-78.583976594,-9.07491058599999
20260213,20241231,21346271,"13,2 kV",440/220 V,17.4,4.91,37.5,E341197,Distribuidora,765887.88,8996810.7,SE0119,CHIMBOTE,ELNM,-78.581184033,-9.06740601799999
20260213,20241231,21346273,"13,2 kV",380/220 V,27.91,0.53,50.0,E341727,Distribuidora,772350.66,8990018.88,SE0119,CHIMBOTE,ELNM,-78.522006127,-9.12838699999998
20260213,20241231,21346277,"13,2 kV",380/220 V,47.22,1.28,100.0,E340533,Distribuidora,772490.23,8990893.07,SE0119,CHIMBOTE,ELNM,-78.520791638,-9.12047871300001
20260213,20241231,21346283,"13,2 kV",380/220 V,26.21,1.74,50.0,E340371,Distribuidora,766526.61,8995630.26,SE0119,CHIMBOTE,ELNM,-78.575305337,-9.07803507
20260213,20241231,21346285,"13,2 kV",380/220 V,33.66,3.14,75.0,E340013,Distribuidora,766321.21,8995915.64,SE0119,CHIMBOTE,ELNM,-78.57719011,-9.075468511
20260213,20241231,21346287,"13,2 kV",220 V,9.2,0.0,37.5,E341161,Tercero,771562.46,8989842.14,SE0119,CHIMBOTE,ELNM,-78.529162002,-9.13003295300001
20260213,20241231,21346293,"13,2 kV",220 V,1.96,0.0,25.0,E341693,Tercero,776747.93,8984870.07,SE0119,CHIMBOTE,ELNM,-78.481696271,-9.174637797
20260213,20241231,21346299,"13,2 kV",380/220 V,24.95,4.64,100.0,E340007,Distribuidora,766245.68,8997366.86,SE0119,CHIMBOTE,ELNM,-78.577964775,-9.06235850100001
20260213,20241231,21346301,"13,2 kV",220 V,30.64,1.92,100.0,E340005,Distribuidora,766084.59,8997374.53,SE0119,CHIMBOTE,ELNM,-78.579429775,-9.06229888399997
20260213,20241231,21346303,"13,2 kV",220 V,18.71,11.05,75.0,E340365,Distribuidora,765826.3,8997151.73,SE0119,CHIMBOTE,ELNM,-78.581764523,-9.06432785099997
20260213,20241231,21346307,"13,2 kV",380/220 V,13.92,5.06,100.0,E340566,Distribuidora,772523.21,8989797.79,SE0119,CHIMBOTE,ELNM,-78.520423372,-9.13037417100003
20260213,20241231,21346313,"13,2 kV",380/220 V,16.35,1.59,37.5,E341697,Distribuidora,766460.81,8997749.27,SE0119,CHIMBOTE,ELNM,-78.576032119,-9.05888973700002
20260213,20241231,21346321,"13,2 kV",380/220 V,11.35,1.0,50.0,E341730,Distribuidora,768454.14,8992785.07,SE0119,CHIMBOTE,ELNM,-78.557606442,-9.10362961999999
20260213,20241231,21346323,"13,2 kV",220 V,14.32,1.0,50.0,E341731,Distribuidora,768262.3,8993117.55,SE0119,CHIMBOTE,ELNM,-78.559371095,-9.10063676599998
20260213,20241231,21346331,"13,2 kV",220 V,43.63,2.13,100.0,E341752,Distribuidora,771988.55,8991037.63,SE0119,CHIMBOTE,ELNM,-78.525362166,-9.119203476
20260213,20241231,21346353,"13,2 kV",380/220 V,25.51,1.71,75.0,E341866,Distribuidora,772996.38,8990310.6,SE0119,CHIMBOTE,ELNM,-78.51615306,-9.12571077000001
20260213,20241231,21346355,"13,2 kV",220 V,15.3,0.0,75.0,E341869,Tercero,764289.24,8995920.75,SE0119,CHIMBOTE,ELNM,-78.59566467,-9.07554442000003
20260213,20241231,21346359,"13,2 kV",380/220 V,39.45,3.35,50.0,E341865,Distribuidora,773148.75,8990024.33,SE0119,CHIMBOTE,ELNM,-78.514749704,-9.12828816299998
20260213,20241231,21346361,"13,2 kV",380/220 V,5.02,0.12,37.5,E341968,Distribuidora,765716.93,8995294.95,SE0119,CHIMBOTE,ELNM,-78.582646482,-9.08111406099999
20260213,20241231,21346363,"13,2 kV",440/220 V,20.88,0.0,37.5,E341848,Distribuidora,771990.93,8990158.29,SE0119,CHIMBOTE,ELNM,-78.525285735,-9.12714951999999
20260213,20241231,21346371,"13,2 kV",220 V,34.82,1.0,50.0,E341838,Tercero,764832.4,8995964.34,SE0119,CHIMBOTE,ELNM,-78.590728977,-9.07511795300002
20260213,20241231,21346375,"13,2 kV",380/220 V,3.5,0.0,250.0,E341893,Tercero,766405.34,8994873.16,SE0119,CHIMBOTE,ELNM,-78.576361912,-9.08488423300003
20260213,20241231,21346379,"13,2 kV",220 V,16.3,0.89,100.0,E341974,Distribuidora,766081.59,8998416.92,SE0119,CHIMBOTE,ELNM,-78.579520113,-9.05287904800002
20260213,20241231,21346381,"13,2 kV",380/220 V,35.8,4.29,75.0,E340173,Distribuidora,766208.45,8996118.05,SE0119,CHIMBOTE,ELNM,-78.578227569,-9.07364614699998
20260213,20241231,21346393,"13,2 kV",380/220 V,46.78,0.0,75.0,E341854,Distribuidora,767086.81,8996036.32,SE0119,CHIMBOTE,ELNM,-78.570236843,-9.07433170000002
20260213,20241231,21346395,"13,2 kV",380/220 V,28.92,2.36,50.0,E341855,Distribuidora,773197.26,8988897.95,SE0119,CHIMBOTE,ELNM,-78.514238044,-9.13846363200003
20260213,20241231,21346397,"13,2 kV",440/220 V,13.39,0.0,1000.0,E341957,Tercero,767979.57,8992038.13,SE0119,CHIMBOTE,ELNM,-78.561875615,-9.11040848300001
20260213,20241231,21346399,"13,2 kV",380/220 V,25.56,1.65,50.0,E341856,Distribuidora,773318.44,8988781.33,SE0119,CHIMBOTE,ELNM,-78.513128853,-9.139509911
20260213,20241231,21346401,"13,2 kV",380/220 V,39.02,1.73,75.0,E341867,Distribuidora,772831.99,8990436.7,SE0119,CHIMBOTE,ELNM,-78.517655674,-9.12458148600001
20260213,20241231,21346411,"13,2 kV",220 V,16.56,0.0,400.0,E341958,Tercero,768195.81,8993431.85,SE0119,CHIMBOTE,ELNM,-78.559994897,-9.097800554
20260213,20241231,21346417,"13,2 kV",380/220 V,37.03,2.16,100.0,E341862,Distribuidora,773145.93,8989826.49,SE0119,CHIMBOTE,ELNM,-78.514762957,-9.13007611299997
20260213,20241231,21346419,"13,2 kV",380/220 V,12.36,1.41,75.0,E341863,Distribuidora,773016.0,8989788.1,SE0119,CHIMBOTE,ELNM,-78.515941967,-9.13043110699999
20260213,20241231,21346421,"13,2 kV",380/220 V,18.65,0.94,50.0,E341864,Distribuidora,772992.73,8989746.09,SE0119,CHIMBOTE,ELNM,-78.516150925,-9.130812177
20260213,20241231,21346425,"13,2 kV",380/220 V,27.94,4.37,75.0,E341873,Distribuidora,765147.71,8996403.99,SE0119,CHIMBOTE,ELNM,-78.587888793,-9.07112591999999
20260213,20241231,21346427,"13,2 kV",380/220 V,20.41,3.58,50.0,E341874,Distribuidora,765218.41,8996435.13,SE0119,CHIMBOTE,ELNM,-78.587247891,-9.07084026400003
20260213,20241231,21346429,"13,2 kV",220 V,242.16,0.0,400.0,E340930,Tercero,768907.4,9004222.91,SE0119,CHIMBOTE,ELNM,-78.554184141,-9.000240824
20260213,20241231,21346435,"13,2 kV",220 V,44.62,1.12,75.0,E341891,Distribuidora,770842.68,8990699.15,SE0119,CHIMBOTE,ELNM,-78.535760013,-9.122332965
20260213,20241231,21346461,"13,2 kV",220 V,37.21,1.51,75.0,E341654,Distribuidora,772490.52,8990177.53,SE0119,CHIMBOTE,ELNM,-78.520744332,-9.12694467799997
20260213,20241231,21346463,"13,2 kV",380/220 V,32.73,1.36,75.0,E341708,Distribuidora,772673.33,8989935.54,SE0119,CHIMBOTE,ELNM,-78.519066983,-9.12912007
20260213,20241231,21346471,"13,2 kV",220 V,25.57,2.74,37.0,E341765,Distribuidora,772100.86,8990587.68,SE0119,CHIMBOTE,ELNM,-78.524312949,-9.12326251100001
20260213,20241231,21346475,"13,2 kV",220 V,12.02,0.0,15.0,E341665,Distribuidora,770016.41,8991496.92,SE0119,CHIMBOTE,ELNM,-78.543322326,-9.11517465200001
20260213,20241231,21346479,"13,2 kV",380/220 V,7.45,0.83,37.5,E341768,Distribuidora,772177.75,8989333.79,SE0119,CHIMBOTE,ELNM,-78.523535588,-9.13458855599998
20260213,20241231,21346487,"13,2 kV",380/220 V,35.07,2.12,75.0,E341755,Distribuidora,773598.31,8989844.83,SE0119,CHIMBOTE,ELNM,-78.510650766,-9.12988220800003
20260213,20241231,21346489,"13,2 kV",220 V,8.73,1.6,37.5,E341669,Distribuidora,768429.25,8993165.52,SE0119,CHIMBOTE,ELNM,-78.557856088,-9.10019309799998
20260213,20241231,21346491,"13,2 kV",380/220 V,21.18,3.02,50.0,E341756,Distribuidora,773778.64,8989703.2,SE0119,CHIMBOTE,ELNM,-78.5090022,-9.13115079200003
20260213,20241231,21346493,"13,2 kV",380/220 V,37.6,1.42,50.0,E341757,Distribuidora,773755.99,8989573.92,SE0119,CHIMBOTE,ELNM,-78.509200034,-9.13232043400001
20260213,20241231,21346497,"13,2 kV",380/220 V,23.02,3.35,50.0,E341758,Distribuidora,773930.12,8989521.23,SE0119,CHIMBOTE,ELNM,-78.507613413,-9.132785695
20260213,20241231,21346501,"13,2 kV",380/220 V,35.16,1.06,75.0,E341760,Distribuidora,772134.18,8991041.07,SE0119,CHIMBOTE,ELNM,-78.524038243,-9.11916337399998
20260213,20241231,21346503,"13,2 kV",380/220 V,14.52,1.12,37.5,E341761,Distribuidora,771851.52,8991087.61,SE0119,CHIMBOTE,ELNM,-78.52661122,-9.11876030799999
20260213,20241231,21346505,"13,2 kV",380/220 V,9.27,1.0,25.0,E341762,Distribuidora,772462.02,8991290.49,SE0119,CHIMBOTE,ELNM,-78.521072929,-9.11688917100003
20260213,20241231,21346529,"13,2 kV",440/220 V,58.5,0.0,250.0,E341636,Tercero,768107.97,8992465.02,SE0119,CHIMBOTE,ELNM,-78.560734313,-9.10654294300002
20260213,20241231,21346533,"13,2 kV",440/220 V,67.56,0.0,100.0,E341845,Tercero,771161.26,8991211.05,SE0119,CHIMBOTE,ELNM,-78.532895073,-9.11768747799999
20260213,20241231,21346535,"13,2 kV",380/220 V,29.01,1.06,100.0,E340548,Distribuidora,772968.92,8989892.98,SE0119,CHIMBOTE,ELNM,-78.516376615,-9.12948628999999
20260213,20241231,21346537,"13,2 kV",380/220 V,33.06,4.7,50.0,E340423,Distribuidora,772819.92,8991772.35,SE0119,CHIMBOTE,ELNM,-78.517848853,-9.11251264700002
20260213,20241231,21346543,"13,2 kV",220 V,22.34,2.01,62.5,E340608,Distribuidora,773216.85,8989489.38,SE0119,CHIMBOTE,ELNM,-78.514096985,-9.13311797900002
20260213,20241231,21347159,"13,2 kV",380/220 V,18.31,1.59,75.0,E341709,Distribuidora,771312.41,8992190.83,SE0119,CHIMBOTE,ELNM,-78.53158157,-9.108824282
20260213,20241231,21347161,"13,2 kV",220 V,29.58,2.07,100.0,E340008,Distribuidora,766366.14,8997547.52,SE0119,CHIMBOTE,ELNM,-78.576880571,-9.06071863699998
20260213,20241231,21347171,"13,2 kV",380/220 V,19.78,1.89,50.0,E340916,Distribuidora,771112.03,8992583.1,SE0119,CHIMBOTE,ELNM,-78.533427797,-9.105291846
20260213,20241231,21347173,"13,2 kV",380/220 V,31.2,2.6,75.0,E340528,Distribuidora,770252.96,8990736.67,SE0119,CHIMBOTE,ELNM,-78.541124453,-9.122030231
20260213,20241231,21347175,"13,2 kV",220 V,49.34,10.88,100.0,E340568,Distribuidora,772282.12,8989895.33,SE0119,CHIMBOTE,ELNM,-78.522621628,-9.12950771300001
20260213,20241231,21347189,"13,2 kV",440/220 V,833.28,0.0,1000.0,E341131,Tercero,768119.31,8992124.23,SE0119,CHIMBOTE,ELNM,-78.560610309,-9.10962189899999
20260213,20241231,21347191,"13,2 kV",220 V,10.23,0.0,50.0,E341199,Tercero,768262.65,8991791.3,SE0119,CHIMBOTE,ELNM,-78.559286562,-9.11262177399999
20260213,20241231,21347199,"13,2 kV",220 V,10.53,1.0,200.0,E341209,Tercero,763612.35,8996187.96,SE0119,CHIMBOTE,ELNM,-78.601834918,-9.07317008400003
20260213,20241231,21347203,"13,2 kV",220 V,75.32,0.0,100.0,E341211,Tercero,764428.16,8996003.31,SE0119,CHIMBOTE,ELNM,-78.594406604,-9.074790006
20260213,20241231,21347209,"13,2 kV",220 V,17.36,1.0,87.5,E340270,Distribuidora,763736.62,8996041.82,SE0119,CHIMBOTE,ELNM,-78.600696296,-9.074483343
20260213,20241231,21347211,"13,2 kV",220 V,64.39,6.4,100.0,E340439,Distribuidora,772265.27,8990248.95,SE0119,CHIMBOTE,ELNM,-78.522796908,-9.12631326399998
20260213,20241231,21347215,"13,2 kV",380/220 V,8.61,1.83,37.5,E340161,Distribuidora,767602.97,8994141.62,SE0119,CHIMBOTE,ELNM,-78.565428484,-9.09142254199998
20260213,20241231,21347217,"13,2 kV",380/220 V,40.7,1.83,75.0,E340562,Distribuidora,773118.8,8990578.29,SE0119,CHIMBOTE,ELNM,-78.515056698,-9.12328418499999
20260213,20241231,21347219,"13,2 kV",220 V,58.81,2.63,75.0,E340536,Distribuidora,772336.11,8990427.89,SE0119,CHIMBOTE,ELNM,-78.522163952,-9.12469187699998
20260213,20241231,21347223,"13,2 kV",380/220 V,43.46,2.37,75.0,E340560,Distribuidora,773184.88,8990347.71,SE0119,CHIMBOTE,ELNM,-78.514441433,-9.125363703
20260213,20241231,21347227,"13,2 kV",380/220 V,39.99,2.16,75.0,E340500,Distribuidora,772908.29,8990738.65,SE0119,CHIMBOTE,ELNM,-78.516980789,-9.12184817899998
20260213,20241231,21347231,"13,2 kV",380/220 V,27.04,1.79,75.0,E340466,Distribuidora,770314.64,8991238.48,SE0119,CHIMBOTE,ELNM,-78.54059468,-9.11749175599999
20260213,20241231,21347233,"13,2 kV",380/220 V,29.04,2.36,75.0,E340468,Distribuidora,770641.94,8991386.52,SE0119,CHIMBOTE,ELNM,-78.537627866,-9.11613383100001
20260213,20241231,21347235,"13,2 kV",380/220 V,28.65,1.18,37.5,E340617,Distribuidora,773370.17,8989395.7,SE0119,CHIMBOTE,ELNM,-78.512697011,-9.133954964
20260213,20241231,21347237,"13,2 kV",220 V,26.22,3.79,50.0,E340297,Distribuidora,765060.39,8997936.13,SE0119,CHIMBOTE,ELNM,-78.588775089,-9.05728521200001
20260213,20241231,21347239,"13,2 kV",380/220 V,16.6,1.71,50.0,E340075,Distribuidora,765629.25,8996122.03,SE0119,CHIMBOTE,ELNM,-78.583493728,-9.073645054
20260213,20241231,21347241,"13,2 kV",220 V,9.43,2.05,15.0,E340527,Distribuidora,772383.58,8991140.53,SE0119,CHIMBOTE,ELNM,-78.521776786,-9.11824914900001
20260213,20241231,21347243,"13,2 kV",220 V,32.85,1.59,100.0,E340441,Distribuidora,772538.13,8990233.73,SE0119,CHIMBOTE,ELNM,-78.520314942,-9.12643387200001
20260213,20241231,21347251,"13,2 kV",380/220 V,31.55,2.64,75.0,E341090,Distribuidora,770090.02,8990547.81,SE0119,CHIMBOTE,ELNM,-78.542594327,-9.12374691500003
20260213,20241231,21347253,"13,2 kV",220 V,10.83,1.36,37.5,E340009,Distribuidora,766842.34,8997374.15,SE0119,CHIMBOTE,ELNM,-78.572540751,-9.06225665900001
20260213,20241231,21347257,"13,2 kV",220 V,19.28,1.89,50.0,E340227,Distribuidora,766340.2,8998285.75,SE0119,CHIMBOTE,ELNM,-78.577161106,-9.05404886999997
20260213,20241231,21347261,"13,2 kV",220 V,8.91,10.91,40.0,E340917,Distribuidora,770578.63,8991004.58,SE0119,CHIMBOTE,ELNM,-78.538179852,-9.11958917999999
20260213,20241231,21347265,"13,2 kV",380/220 V,72.49,3.07,160.0,E340175,Distribuidora,767181.81,8996047.48,SE0119,CHIMBOTE,ELNM,-78.569373815,-9.07422510200001
20260213,20241231,21347267,"13,2 kV",380/220 V,57.34,2.71,75.0,E340183,Distribuidora,766709.08,8995430.31,SE0119,CHIMBOTE,ELNM,-78.573634206,-9.07983097499999
20260213,20241231,21347269,"13,2 kV",220 V,57.01,6.08,150.0,E340350,Distribuidora,764506.37,8996626.04,SE0119,CHIMBOTE,ELNM,-78.593733046,-9.06915769300002
20260213,20241231,21347273,"13,2 kV",220 V,19.44,6.31,40.0,E340068,Distribuidora,766089.66,8997138.58,SE0119,CHIMBOTE,ELNM,-78.579369396,-9.06443084400001
20260213,20241231,21347277,"13,2 kV",220 V,29.0,10.0,100.0,CH7378,Tercero,767943.33,8993669.09,SE0119,CHIMBOTE,ELNM,-78.56230501,-9.09567202800002
20260213,20241231,21347279,"13,2 kV",220 V,5.05,0.0,15.0,E341198,Tercero,768827.76,8994985.38,SE0119,CHIMBOTE,ELNM,-78.554344427,-9.08372316100002
20260213,20241231,21347281,"13,2 kV",380/220 V,29.32,1.42,50.0,E341086,Distribuidora,773913.27,8989731.46,SE0119,CHIMBOTE,ELNM,-78.507779829,-9.13088702099998
20260213,20241231,21347283,"13,2 kV",380/220 V,37.89,2.07,75.0,E340486,Distribuidora,770944.13,8991422.66,SE0119,CHIMBOTE,ELNM,-78.534882452,-9.11578863199998
20260213,20241231,21347285,"13,2 kV",380/220 V,63.29,3.55,100.0,E340554,Distribuidora,773140.76,8989913.95,SE0119,CHIMBOTE,ELNM,-78.514815443,-9.12928610500001
20260213,20241231,21347287,"13,2 kV",220 V,36.28,1.97,50.0,E340565,Distribuidora,770976.91,8990406.52,SE0119,CHIMBOTE,ELNM,-78.534521343,-9.12496906799998
20260213,20241231,21347289,"13,2 kV",380/220 V,38.0,1.91,100.0,E340546,Distribuidora,772922.47,8989572.5,SE0119,CHIMBOTE,ELNM,-78.516778915,-9.13238518899999
20260213,20241231,21347293,"13,2 kV",380/220 V,18.21,0.94,37.5,E340561,Distribuidora,773052.77,8990397.04,SE0119,CHIMBOTE,ELNM,-78.515645738,-9.12492615100001
20260213,20241231,21347295,"13,2 kV",220 V,77.29,17.78,250.0,E340390,Distribuidora,765077.65,8996026.73,SE0119,CHIMBOTE,ELNM,-78.588502979,-9.07453942000001
20260213,20241231,21347297,"13,2 kV",440/220 V,61.03,1.48,160.0,E340907,Distribuidora,765317.24,8996873.35,SE0119,CHIMBOTE,ELNM,-78.586375831,-9.066874144
20260213,20241231,21347301,"13,2 kV",380/220 V,16.29,1.65,75.0,E341093,Distribuidora,769797.68,8990593.2,SE0119,CHIMBOTE,ELNM,-78.545255299,-9.12335470900001
20260213,20241231,21347305,"13,2 kV",380/220 V,27.52,2.95,50.0,E340909,Distribuidora,765816.02,8995133.87,SE0119,CHIMBOTE,ELNM,-78.581735803,-9.08256376499997
20260213,20241231,21347307,"13,2 kV",380/220 V,46.8,2.25,75.0,E340535,Distribuidora,772318.44,8990840.43,SE0119,CHIMBOTE,ELNM,-78.522350353,-9.12096504599998
20260213,20241231,21347311,"13,2 kV",380/220 V,14.39,2.72,37.5,E340187,Distribuidora,767178.89,8994440.05,SE0119,CHIMBOTE,ELNM,-78.569302444,-9.08875139999998
20260213,20241231,21347313,"13,2 kV",440/220 V,27.33,9.78,75.0,E340363,Distribuidora,765613.58,8996823.6,SE0119,CHIMBOTE,ELNM,-78.583678628,-9.06730593499998
20260213,20241231,21347315,"13,2 kV",220 V,56.36,15.47,100.0,E340443,Distribuidora,772807.2,8990140.93,SE0119,CHIMBOTE,ELNM,-78.517862589,-9.12725574799998
20260213,20241231,21347317,"13,2 kV",380/220 V,2.68,0.18,25.0,E340158,Distribuidora,768565.34,8996360.33,SE0119,CHIMBOTE,ELNM,-78.556814447,-9.07131402800002
20260213,20241231,21347319,"13,2 kV",440/220 V,69.37,0.0,1250.0,E341177,Tercero,767869.81,8992605.14,SE0119,CHIMBOTE,ELNM,-78.562908343,-9.10529121000002
20260213,20241231,21347321,"13,2 kV",380/220 V,74.7,8.2,160.0,E340492,Distribuidora,773274.82,8991328.95,SE0119,CHIMBOTE,ELNM,-78.51368506,-9.11649117000002
20260213,20241231,21347323,"13,2 kV",220 V,59.39,3.06,400.0,E340294,Distribuidora,764909.3,8995736.09,SE0119,CHIMBOTE,ELNM,-78.590016039,-9.07717603600003
20260213,20241231,21347325,"13,2 kV",380/220 V,31.3,1.79,50.0,E340436,Distribuidora,772640.19,8990551.07,SE0119,CHIMBOTE,ELNM,-78.519406773,-9.12355989299999
20260213,20241231,21347327,"13,2 kV",380/220 V,24.74,1.44,75.0,E340444,Distribuidora,772918.18,8990209.39,SE0119,CHIMBOTE,ELNM,-78.516857771,-9.126630213
20260213,20241231,21347329,"13,2 kV",380/220 V,21.95,1.93,50.0,E340304,Distribuidora,765186.73,8998320.17,SE0119,CHIMBOTE,ELNM,-78.587649639,-9.05380707400002
20260213,20241231,21347331,"13,2 kV",380/220 V,73.99,4.47,125.0,E340602,Distribuidora,773503.58,8989460.51,SE0119,CHIMBOTE,ELNM,-78.511488011,-9.13336099700001
20260213,20241231,21347333,"13,2 kV",380/220 V,15.87,1.53,37.5,E341710,Distribuidora,771318.01,8992036.87,SE0119,CHIMBOTE,ELNM,-78.531521099,-9.11021520999998
20260213,20241231,21347335,"13,2 kV",380/220 V,12.84,5.03,50.0,E340373,Distribuidora,766656.54,8995098.71,SE0119,CHIMBOTE,ELNM,-78.57409173,-9.08283078400001
20260213,20241231,21347337,"13,2 kV",380/220 V,24.87,2.01,75.0,E340199,Distribuidora,768305.59,8993881.16,SE0119,CHIMBOTE,ELNM,-78.559024288,-9.09373355100001
20260213,20241231,21347339,"13,2 kV",380/220 V,37.56,1.52,75.0,E340903,Distribuidora,765490.41,8997174.47,SE0119,CHIMBOTE,ELNM,-78.584819638,-9.06414253299999
20260213,20241231,21347341,"13,2 kV",220 V,40.24,2.79,75.0,E340442,Distribuidora,772740.9,8990399.93,SE0119,CHIMBOTE,ELNM,-78.518481618,-9.12491941600001
20260213,20241231,21347343,"13,2 kV",220 V,11.49,2.5,50.0,E340006,Distribuidora,766200.48,8997414.01,SE0119,CHIMBOTE,ELNM,-78.578378562,-9.06193513099998
20260213,20241231,21347345,"13,2 kV",380/220 V,15.53,1.53,75.0,E340614,Distribuidora,769773.04,8990412.35,SE0119,CHIMBOTE,ELNM,-78.545468166,-9.12499050500003
20260213,20241231,21347349,"13,2 kV",380/220 V,21.26,3.78,37.5,E340601,Distribuidora,772170.42,8989356.09,SE0119,CHIMBOTE,ELNM,-78.523603631,-9.13438749699998
20260213,20241231,21347351,"13,2 kV",220 V,19.81,1.88,75.0,E340071,Distribuidora,765494.84,8996210.59,SE0119,CHIMBOTE,ELNM,-78.584721103,-9.07285282200002
20260213,20241231,21347355,"13,2 kV",380/220 V,15.46,1.48,100.0,E340134,Distribuidora,768181.46,8992106.63,SE0119,CHIMBOTE,ELNM,-78.560044132,-9.10977715799999
20260213,20241231,21347357,"13,2 kV",220 V,122.4,0.0,160.0,E340356,Distribuidora,765090.05,8996933.11,SE0119,CHIMBOTE,ELNM,-78.588444954,-9.06634772500001
20260213,20241231,21347359,"13,2 kV",380/220 V,26.05,3.31,75.0,E340609,Distribuidora,770240.18,8990914.38,SE0119,CHIMBOTE,ELNM,-78.541251656,-9.120425114
20260213,20241231,21347365,"13,2 kV",380/220 V,44.85,1.89,75.0,E340301,Distribuidora,765518.97,8997917.99,SE0119,CHIMBOTE,ELNM,-78.584604889,-9.057421648
20260213,20241231,21347367,"13,2 kV",380/220 V,34.88,2.18,75.0,E340077,Distribuidora,766046.13,8996269.04,SE0119,CHIMBOTE,ELNM,-78.579712483,-9.072291441
20260213,20241231,21347369,"13,2 kV",380/220 V,26.24,1.6,75.0,E340016,Distribuidora,766117.83,8995744.85,SE0119,CHIMBOTE,ELNM,-78.579028831,-9.07702418999997
20260213,20241231,21347371,"13,2 kV",220 V,16.16,1.36,75.0,E340070,Distribuidora,765585.2,8996276.95,SE0119,CHIMBOTE,ELNM,-78.58390359,-9.07224769599998
20260213,20241231,21347377,"13,2 kV",380/220 V,12.36,1.5,37.5,E340612,Distribuidora,770628.92,8990413.99,SE0119,CHIMBOTE,ELNM,-78.537685975,-9.12492302300001
20260213,20241231,21347379,"13,2 kV",220 V,20.55,2.24,50.0,E340904,Distribuidora,765378.47,8995400.31,SE0119,CHIMBOTE,ELNM,-78.585730108,-9.08018229300001
20260213,20241231,21347381,"13,2 kV",380/220 V,31.42,4.08,160.0,E340415,Distribuidora,773176.68,8992155.03,SE0119,CHIMBOTE,ELNM,-78.514629016,-9.10903242199998
20260213,20241231,21347385,"13,2 kV",380/220 V,52.9,2.79,75.0,E340182,Distribuidora,766738.57,8995458.49,SE0119,CHIMBOTE,ELNM,-78.573367801,-9.07957453400002
20260213,20241231,21347387,"13,2 kV",220 V,43.12,4.4,150.0,E340296,Distribuidora,764920.45,8997982.88,SE0119,CHIMBOTE,ELNM,-78.590050149,-9.056871113
20260213,20241231,21347391,"13,2 kV",380/220 V,12.73,0.0,50.0,E341116,Tercero,770780.31,8992298.22,SE0119,CHIMBOTE,ELNM,-78.536426222,-9.10788662200002
20260213,20241231,21347397,"13,2 kV",380/220 V,35.06,1.77,75.0,E340432,Distribuidora,772285.17,8990904.49,SE0119,CHIMBOTE,ELNM,-78.522656855,-9.12038822900001
20260213,20241231,21347399,"13,2 kV",380/220 V,26.31,2.3,50.0,E340425,Distribuidora,772766.66,8991575.56,SE0119,CHIMBOTE,ELNM,-78.518320823,-9.11429424300002
20260213,20241231,21347407,"13,2 kV",220 V,45.48,1.57,100.0,E340452,Distribuidora,771982.57,8990833.66,SE0119,CHIMBOTE,ELNM,-78.525403834,-9.12104702900001
20260213,20241231,21344417,"13,2 kV",380/220 V,12.43,1.36,37.5,E340004,Distribuidora,765814.74,8997447.25,SE0119,CHIMBOTE,ELNM,-78.581887492,-9.06165794499998
20260213,20241231,21344423,"13,2 kV",220 V,34.63,2.17,80.0,E340023,Distribuidora,765898.31,8995448.64,SE0119,CHIMBOTE,ELNM,-78.581006709,-9.07971424900001
20260213,20241231,21344425,"13,2 kV",220 V,39.51,2.34,100.0,E340607,Distribuidora,773352.31,8989636.24,SE0119,CHIMBOTE,ELNM,-78.512874487,-9.13178244900001
20260213,20241231,21344427,"13,2 kV",380/220 V,32.46,1.56,37.5,E340553,Distribuidora,773111.29,8989634.5,SE0119,CHIMBOTE,ELNM,-78.515065905,-9.13181317999999
20260213,20241231,21344431,"13,2 kV",380/220 V,10.24,1.42,50.0,E340001,Distribuidora,765625.08,8997572.23,SE0119,CHIMBOTE,ELNM,-78.583619323,-9.06053990100003
20260213,20241231,21344433,"13,2 kV",380/220 V,31.34,1.59,50.0,E341079,Distribuidora,773745.87,8988740.09,SE0119,CHIMBOTE,ELNM,-78.509239685,-9.13985590599998
20260213,20241231,21344435,"13,2 kV",220 V,9.77,1.06,75.0,E340346,Distribuidora,764145.61,8996921.24,SE0119,CHIMBOTE,ELNM,-78.597030716,-9.06651153500002
20260213,20241231,21344437,"13,2 kV",380/220 V,25.95,1.48,50.0,E340074,Distribuidora,765839.7,8996121.96,SE0119,CHIMBOTE,ELNM,-78.581580371,-9.073633024
20260213,20241231,21344441,"13,2 kV",220 V,1.0,1.0,1800.0,E341647,Tercero,768443.42,8990604.17,SE0119,CHIMBOTE,ELNM,-78.557569942,-9.12333855499998
20260213,20241231,21344443,"13,2 kV",220 V,5.34,1.24,50.0,E340157,Distribuidora,768116.52,8996389.88,SE0119,CHIMBOTE,ELNM,-78.560896699,-9.07107425200002
20260213,20241231,21344447,"13,2 kV",380/220 V,19.75,1.89,75.0,E340407,Distribuidora,770745.14,8991455.9,SE0119,CHIMBOTE,ELNM,-78.536693822,-9.11550051500001
20260213,20241231,21344449,"13,2 kV",380/220 V,18.85,4.01,37.5,E340618,Distribuidora,773188.59,8989198.58,SE0119,CHIMBOTE,ELNM,-78.514335724,-9.13574754199999
20260213,20241231,21344451,"13,2 kV",220 V,1.0,1.0,990.0,E341648,Tercero,768245.87,8990539.72,SE0119,CHIMBOTE,ELNM,-78.559362266,-9.123933045
20260213,20241231,21344453,"13,2 kV",440/220 V,89.1,1.0,1115.0,E341631,Tercero,763611.55,8996441.85,SE0119,CHIMBOTE,ELNM,-78.601857435,-9.07087570700003
20260213,20241231,21344455,"13,2 kV",220 V,15.6,0.0,50.0,E341632,Tercero,769769.99,8991909.47,SE0119,CHIMBOTE,ELNM,-78.545588369,-9.11146169699998
20260213,20241231,21344463,"13,2 kV",380/220 V,4.32,0.0,50.0,E340942,Tercero,765585.67,8997345.63,SE0119,CHIMBOTE,ELNM,-78.583963925,-9.06259004399999
20260213,20241231,21344477,"13,2 kV",220 V,39.16,1.89,100.0,E340440,Distribuidora,772500.57,8990352.72,SE0119,CHIMBOTE,ELNM,-78.520663891,-9.12536094900003
20260213,20241231,21344479,"13,2 kV",220 V,17.59,1.36,75.0,E340344,Distribuidora,764353.41,8997044.4,SE0119,CHIMBOTE,ELNM,-78.595148885,-9.06538611000002
20260213,20241231,21344483,"13,2 kV",220 V,4.46,1.2,75.0,E341639,Distribuidora,767631.69,8993605.85,SE0119,CHIMBOTE,ELNM,-78.565134622,-9.096262459
20260213,20241231,21344491,"13,2 kV",440/220 V,1.0,1.0,125.0,E341725,Tercero,767678.84,8997166.08,SE0119,CHIMBOTE,ELNM,-78.564923173,-9.06408640000001
20260213,20241231,21344511,"13,2 kV",380/220 V,47.17,1.59,75.0,E340558,Distribuidora,773114.63,8990164.99,SE0119,CHIMBOTE,ELNM,-78.51506875,-9.127019217
20260213,20241231,21344513,"13,2 kV",380/220 V,26.11,1.3,75.0,E340445,Distribuidora,772956.94,8990034.88,SE0119,CHIMBOTE,ELNM,-78.516494424,-9.12820475900003
20260213,20241231,21344515,"13,2 kV",380/220 V,49.13,2.66,75.0,E340128,Distribuidora,766451.59,8996309.94,SE0119,CHIMBOTE,ELNM,-78.576028663,-9.07189739299997
20260213,20241231,21344517,"13,2 kV",380/220 V,74.25,2.26,100.0,E340306,Distribuidora,764890.55,8998229.58,SE0119,CHIMBOTE,ELNM,-78.590336836,-9.05464347200001
20260213,20241231,21344521,"13,2 kV",440/220 V,76.5,0.0,100.0,E341224,Tercero,768420.95,8997380.51,SE0119,CHIMBOTE,ELNM,-78.558189496,-9.062103648
20260213,20241231,21351411,"13,2 kV",440/220 V,188.58,0.0,1000.0,E340596,Tercero,768385.04,8991077.77,SE0119,CHIMBOTE,ELNM,-78.558129892,-9.11906231099999
20260213,20241231,21351413,"13,2 kV",220 V,535.5,0.0,700.0,E340598,Tercero,768129.02,8991110.72,SE0119,CHIMBOTE,ELNM,-78.560459831,-9.118780179
20260213,20241231,21351415,"13,2 kV",220 V,125.09,0.0,315.0,E340569,Tercero,772475.09,8991192.96,SE0119,CHIMBOTE,ELNM,-78.520948008,-9.11776969200002
20260213,20241231,21351419,"13,2 kV",440/220 V,16.02,0.0,300.0,E340591,Tercero,768292.41,8990892.77,SE0119,CHIMBOTE,ELNM,-78.558960783,-9.12073977099999
20260213,20241231,21351421,"13,2 kV",220 V,1.0,1.0,4000.0,E340592,Tercero,768179.13,8991228.04,SE0119,CHIMBOTE,ELNM,-78.560011399,-9.11771692600001
20260213,20241231,21351423,"13,2 kV",440/220 V,511.2,0.0,1200.0,E340594,Tercero,768508.53,8990430.94,SE0119,CHIMBOTE,ELNM,-78.556967253,-9.124900013
20260213,20241231,21351433,"13,2 kV",220 V,84.53,0.0,750.0,E341652,Tercero,768045.6,8991171.56,SE0119,CHIMBOTE,ELNM,-78.561222079,-9.11823547
20260213,20241231,21351435,"13,2 kV",220 V,1.0,1.0,75.0,E341204,Tercero,766405.99,8994888.32,SE0119,CHIMBOTE,ELNM,-78.576356923,-9.08474719399999
20260213,20241231,21351449,"13,2 kV",220 V,1.92,1.0,160.0,E341657,Tercero,772838.78,8989065.61,SE0119,CHIMBOTE,ELNM,-78.517508164,-9.13697089599998
20260213,20241231,21351453,"13,2 kV",440/220 V,108.1,0.0,200.0,E341658,Tercero,769480.39,8990732.43,SE0119,CHIMBOTE,ELNM,-78.548148927,-9.12211600799998
20260213,20241231,21352735,"13,2 kV",220 V,102.6,0.0,150.0,E340141,Tercero,768221.56,8992609.22,SE0119,CHIMBOTE,ELNM,-78.559710351,-9.10523291700002
20260213,20241231,21352737,"13,2 kV",380/220 V,2.16,0.0,160.0,E340152,Tercero,768220.9,8992828.0,SE0119,CHIMBOTE,ELNM,-78.559729766,-9.10325588900002
20260213,20241231,21351465,"13,2 kV",220 V,85.03,15.37,500.0,E340153,Distribuidora,768324.05,8992921.91,SE0119,CHIMBOTE,ELNM,-78.558797653,-9.10240095900002
20260213,20241231,21351487,"13,2 kV",220 V,30.48,3.25,250.0,E340030,Distribuidora,765185.95,8995474.78,SE0119,CHIMBOTE,ELNM,-78.587484985,-9.079520882
20260213,20241231,21350195,"13,2 kV",380/220 V,15.0,1.42,50.0,E341712,Distribuidora,771225.79,8992383.82,SE0119,CHIMBOTE,ELNM,-78.532381112,-9.10708564999999
20260213,20241231,21350197,"13,2 kV",380/220 V,29.49,2.29,75.0,E340243,Distribuidora,766498.45,8999095.35,SE0119,CHIMBOTE,ELNM,-78.575771442,-9.04672305600002
20260213,20241231,21350199,"13,2 kV",380/220 V,6.03,3.43,100.0,E340915,Distribuidora,764969.23,8998654.94,SE0119,CHIMBOTE,ELNM,-78.589647145,-9.050794779
20260213,20241231,21350201,"13,2 kV",220 V,31.86,4.31,125.0,E340236,Distribuidora,766713.33,8998328.12,SE0119,CHIMBOTE,ELNM,-78.573771483,-9.05364350899998
20260213,20241231,21351503,"13,2 kV",380/220 V,9.29,0.0,25.0,E340048,Tercero,765877.25,8995330.74,SE0119,CHIMBOTE,ELNM,-78.581191038,-9.080780973
20260213,20241231,21351505,"13,2 kV",220 V,23.52,1.95,75.0,E340235,Distribuidora,766538.94,8998258.74,SE0119,CHIMBOTE,ELNM,-78.575352688,-9.05428099400001
20260213,20241231,21351507,"13,2 kV",440/220 V,282.32,0.0,800.0,E340318,Tercero,764648.14,8998526.76,SE0119,CHIMBOTE,ELNM,-78.592558532,-9.05197234799999
20260213,20241231,21351509,"13,2 kV",440/220 V,648.27,1.0,1400.0,E340600,Tercero,768038.29,8992635.27,SE0119,CHIMBOTE,ELNM,-78.561378305,-9.10500867399998
20260213,20241231,21351511,"13,2 kV",440/220 V,844.8,0.0,1000.0,E340146,Tercero,768142.77,8992124.93,SE0119,CHIMBOTE,ELNM,-78.560397043,-9.10961414299999
20260213,20241231,21351519,"13,2 kV",220 V,16.22,1.0,50.0,E341034,Tercero,763979.53,8996146.04,SE0119,CHIMBOTE,ELNM,-78.598494061,-9.07352698699998
20260213,20241231,21351521,"13,2 kV",220 V,1.0,1.0,100.0,E340101,Tercero,766245.22,8995002.25,SE0119,CHIMBOTE,ELNM,-78.577825557,-9.08372732499998
20260213,20241231,21351525,"13,2 kV",380/220 V,54.41,2.97,75.0,E340170,Distribuidora,766108.95,8996594.64,SE0119,CHIMBOTE,ELNM,-78.579161075,-9.06934523199999
20260213,20241231,21351527,"13,2 kV",220 V,36.34,1.91,50.0,E340978,Tercero,765723.98,8995651.37,SE0119,CHIMBOTE,ELNM,-78.582603973,-9.07789268699997
20260213,20241231,21351531,"13,2 kV",220 V,38.25,0.0,50.0,E340098,Tercero,766351.66,8994787.72,SE0119,CHIMBOTE,ELNM,-78.576844778,-9.085659588
20260213,20241231,21351533,"13,2 kV",380/220 V,8.34,0.0,400.0,E340328,Distribuidora,765040.27,8995737.6,SE0119,CHIMBOTE,ELNM,-78.58882537,-9.07715452999997
20260213,20241231,21351535,"13,2 kV",220 V,28.2,0.0,100.0,E340330,Tercero,764563.46,8995756.08,SE0119,CHIMBOTE,ELNM,-78.593161577,-9.077016125
20260213,20241231,21351539,"13,2 kV",220 V,19.14,0.0,80.0,E340091,Tercero,767730.61,8993450.26,SE0119,CHIMBOTE,ELNM,-78.56422571,-9.09766248699998
20260213,20241231,21351545,"13,2 kV",220 V,38.81,3.25,100.0,E340231,Distribuidora,765997.04,8997492.97,SE0119,CHIMBOTE,ELNM,-78.580232895,-9.06123381499998
20260213,20241231,21350203,"13,2 kV",380/220 V,33.22,3.07,75.0,E340222,Distribuidora,766078.33,8998410.29,SE0119,CHIMBOTE,ELNM,-78.57954935,-9.052939159
20260213,20241231,21350205,"13,2 kV",380/220 V,30.9,2.56,75.0,E340221,Distribuidora,765976.43,8998136.78,SE0119,CHIMBOTE,ELNM,-78.580459207,-9.05541697799998
20260213,20241231,21350211,"13,2 kV",380/220 V,24.75,5.54,75.0,E340242,Distribuidora,766582.94,8998888.1,SE0119,CHIMBOTE,ELNM,-78.574990796,-9.04859087300002
20260213,20241231,21350213,"13,2 kV",220 V,33.4,3.38,125.0,E340234,Distribuidora,766520.31,8998062.65,SE0119,CHIMBOTE,ELNM,-78.575510177,-9.05605416399999
20260213,20241231,21350215,"13,2 kV",380/220 V,22.38,1.59,75.0,E340226,Distribuidora,766241.21,8998141.73,SE0119,CHIMBOTE,ELNM,-78.578052328,-9.055356324
20260213,20241231,21350217,"13,2 kV",380/220 V,24.91,4.16,75.0,E340246,Distribuidora,765813.69,8998590.57,SE0119,CHIMBOTE,ELNM,-78.581966131,-9.05132587399999
20260213,20241231,21350219,"13,2 kV",380/220 V,16.66,1.17,75.0,E340559,Distribuidora,773256.53,8990121.52,SE0119,CHIMBOTE,ELNM,-78.513775787,-9.12740320199998
20260213,20241231,21350221,"13,2 kV",380/220 V,29.76,4.05,75.0,E340188,Distribuidora,767044.85,8994639.49,SE0119,CHIMBOTE,ELNM,-78.57053329,-9.086957208
20260213,20241231,21350223,"13,2 kV",440/220 V,14.73,1.36,50.0,E340613,Distribuidora,769727.68,8990676.22,SE0119,CHIMBOTE,ELNM,-78.54589692,-9.12260878299998
20260213,20241231,21350225,"13,2 kV",380/220 V,58.12,13.63,100.0,E340133,Distribuidora,767993.28,8993353.97,SE0119,CHIMBOTE,ELNM,-78.561831569,-9.09851666700001
20260213,20241231,21350227,"13,2 kV",380/220 V,28.95,1.15,75.0,E340547,Distribuidora,772827.74,8989742.69,SE0119,CHIMBOTE,ELNM,-78.517650919,-9.130853161
20260213,20241231,21350231,"13,2 kV",220 V,76.5,0.0,100.0,E341043,Tercero,766745.84,8994330.72,SE0119,CHIMBOTE,ELNM,-78.573233091,-9.08976562200002
20260213,20241231,21350233,"13,2 kV",220 V,14.46,1.59,75.0,E341148,Distribuidora,770088.62,8990574.44,SE0119,CHIMBOTE,ELNM,-78.542608704,-9.12350635500002
20260213,20241231,21350237,"13,2 kV",220 V,1.81,0.0,50.0,E341203,Tercero,768366.82,8993422.56,SE0119,CHIMBOTE,ELNM,-78.558439475,-9.09787409
20260213,20241231,21350241,"13,2 kV",220 V,126.57,0.0,400.0,E340402,Tercero,766694.74,8994078.21,SE0119,CHIMBOTE,ELNM,-78.573682325,-9.09205061799997
20260213,20241231,21350243,"13,2 kV",380/220 V,53.0,5.5,75.0,E341061,Distribuidora,774148.29,8988169.63,SE0119,CHIMBOTE,ELNM,-78.505544624,-9.144985663
20260213,20241231,21350245,"13,2 kV",220 V,1.0,1.0,25.0,E341056,Tercero,772197.27,8989788.13,SE0119,CHIMBOTE,ELNM,-78.523386456,-9.13048169199999
20260213,20241231,21350247,"13,2 kV",380/220 V,23.54,1.42,75.0,E340220,Distribuidora,765875.9,8998392.44,SE0119,CHIMBOTE,ELNM,-78.5813886,-9.05311263099998
20260213,20241231,21350251,"13,2 kV",220 V,18.17,0.96,25.0,E340949,Tercero,766566.11,8994871.93,SE0119,CHIMBOTE,ELNM,-78.574900123,-9.08488563499998
20260213,20241231,21351547,"13,2 kV",220 V,12.86,1.0,100.0,E341058,Tercero,771813.89,8987985.17,SE0119,CHIMBOTE,ELNM,-78.526759975,-9.146797978
20260213,20241231,21351549,"13,2 kV",440/220 V,9.57,0.0,2050.0,E340104,Tercero,767876.41,8992594.78,SE0119,CHIMBOTE,ELNM,-78.562847699,-9.10538443000002
20260213,20241231,21351551,"13,2 kV",440/220 V,1.0,1.0,2000.0,E340106,Tercero,768428.35,8991676.79,SE0119,CHIMBOTE,ELNM,-78.557772894,-9.11364646300001
20260213,20241231,21351553,"13,2 kV",380/220 V,25.12,1.71,50.0,E341151,Distribuidora,774373.94,8988521.9,SE0119,CHIMBOTE,ELNM,-78.503514984,-9.14178829299999
20260213,20241231,21351555,"13,2 kV",380/220 V,10.32,0.0,100.0,E340975,Tercero,768308.82,8992245.11,SE0119,CHIMBOTE,ELNM,-78.558894613,-9.108517979
20260213,20241231,21351557,"13,2 kV",220 V,29.99,0.0,500.0,E340107,Tercero,768310.4,8991873.34,SE0119,CHIMBOTE,ELNM,-78.558857429,-9.11187748399999
20260213,20241231,21351559,"13,2 kV",220 V,4.53,0.0,25.0,E340108,Tercero,768227.47,8992555.79,SE0119,CHIMBOTE,ELNM,-78.559653338,-9.10571539199998
20260213,20241231,21351563,"13,2 kV",380/220 V,16.53,4.69,50.0,E340239,Distribuidora,766399.47,8998744.96,SE0119,CHIMBOTE,ELNM,-78.576650069,-9.04989545699999
20260213,20241231,21351565,"13,2 kV",380/220 V,17.94,4.77,75.0,E340230,Distribuidora,766166.89,8997669.65,SE0119,CHIMBOTE,ELNM,-78.578699419,-9.05962695099998
20260213,20241231,21351569,"13,2 kV",440/220 V,30.95,0.0,75.0,E340247,Tercero,765736.62,8998912.53,SE0119,CHIMBOTE,ELNM,-78.582686222,-9.048420959
20260213,20241231,21351571,"13,2 kV",380/220 V,19.22,1.57,37.5,E340228,Distribuidora,766210.32,8997802.41,SE0119,CHIMBOTE,ELNM,-78.578312619,-9.05842459500002
20260213,20241231,21351573,"13,2 kV",380/220 V,21.32,1.83,50.0,E340229,Distribuidora,766103.3,8997648.45,SE0119,CHIMBOTE,ELNM,-78.579276254,-9.05982236
20260213,20241231,21351577,"13,2 kV",380/220 V,23.68,2.33,37.5,E341083,Distribuidora,774377.32,8988604.37,SE0119,CHIMBOTE,ELNM,-78.503489444,-9.14104285100001
20260213,20241231,21351579,"13,2 kV",220 V,11.55,0.0,50.0,E340597,Tercero,768391.57,8991146.49,SE0119,CHIMBOTE,ELNM,-78.55807474,-9.11844090599999
20260213,20241231,21351583,"13,2 kV",220 V,68.76,0.0,200.0,E340094,Tercero,767394.76,8993769.91,SE0119,CHIMBOTE,ELNM,-78.56729885,-9.09479426199999
20260213,20241231,21351585,"13,2 kV",220 V,20.21,0.0,50.0,E340259,Tercero,767067.71,8999037.01,SE0119,CHIMBOTE,ELNM,-78.570592773,-9.04721598499998
20260213,20241231,21351587,"13,2 kV",220 V,24.93,0.0,50.0,E341126,Tercero,772918.34,8991734.89,SE0119,CHIMBOTE,ELNM,-78.516951654,-9.11284504600002
20260213,20241231,21350253,"13,2 kV",220 V,132.01,46.07,400.0,E340295,Distribuidora,765286.9,8997623.13,SE0119,CHIMBOTE,ELNM,-78.586696926,-9.06010021399999
20260213,20241231,21350255,"13,2 kV",440/220 V,68.15,0.0,800.0,E340109,Tercero,767965.08,8991777.01,SE0119,CHIMBOTE,ELNM,-78.561991358,-9.11276905300002
20260213,20241231,21350257,"13,2 kV",220 V,16.36,0.0,50.0,E340937,Tercero,765119.48,8995605.42,SE0119,CHIMBOTE,ELNM,-78.588097218,-9.07834428299998
20260213,20241231,21350259,"13,2 kV",220 V,13.07,0.0,100.0,E340948,Tercero,767557.99,8993731.21,SE0119,CHIMBOTE,ELNM,-78.565812375,-9.09513407899999
20260213,20241231,21350263,"13,2 kV",380/220 V,55.94,0.0,150.0,E340392,Tercero,765000.83,8996446.99,SE0119,CHIMBOTE,ELNM,-78.589226777,-9.07074614200002
20260213,20241231,21350265,"13,2 kV",380/220 V,5.27,0.0,25.0,E340393,Tercero,766108.65,8995539.14,SE0119,CHIMBOTE,ELNM,-78.579099817,-9.07888372999997
20260213,20241231,21350271,"13,2 kV",380/220 V,46.19,4.58,75.0,E341155,Distribuidora,773781.76,8988262.11,SE0119,CHIMBOTE,ELNM,-78.508883299,-9.14417289199997
20260213,20241231,21350275,"13,2 kV",380/220 V,28.24,3.36,75.0,E340485,Distribuidora,770486.52,8991895.69,SE0119,CHIMBOTE,ELNM,-78.539072538,-9.11154221200002
20260213,20241231,21350277,"13,2 kV",220 V,28.2,1.0,250.0,E340267,Distribuidora,763576.44,8996090.16,SE0119,CHIMBOTE,ELNM,-78.602155534,-9.07405605399998
20260213,20241231,21350279,"13,2 kV",380/220 V,1.79,0.0,600.0,E340397,Tercero,766598.13,8994232.25,SE0119,CHIMBOTE,ELNM,-78.574570089,-9.09066442
20260213,20241231,21350281,"13,2 kV",220 V,121.22,6.62,250.0,E340532,Distribuidora,772983.02,8991503.18,SE0119,CHIMBOTE,ELNM,-78.516349091,-9.11493487500002
20260213,20241231,21350291,"13,2 kV",380/220 V,29.24,1.56,75.0,E340062,Distribuidora,767494.63,8993747.49,SE0119,CHIMBOTE,ELNM,-78.566389448,-9.094990806
20260213,20241231,21350293,"13,2 kV",380/220 V,48.68,5.44,250.0,E340490,Distribuidora,773581.95,8991651.98,SE0119,CHIMBOTE,ELNM,-78.510912762,-9.11355302200002
20260213,20241231,21350297,"13,2 kV",380/220 V,38.25,0.0,50.0,E340060,Tercero,766672.32,8994429.85,SE0119,CHIMBOTE,ELNM,-78.573907572,-9.08887424300002
20260213,20241231,21350307,"13,2 kV",380/220 V,29.23,3.74,75.0,E340172,Distribuidora,766303.52,8996288.09,SE0119,CHIMBOTE,ELNM,-78.577373536,-9.07210377799998
20260213,20241231,21350309,"13,2 kV",380/220 V,2.5,0.36,25.0,E340237,Distribuidora,767317.25,8998107.68,SE0119,CHIMBOTE,ELNM,-78.568267768,-9.05559916599998
20260213,20241231,21350311,"13,2 kV",380/220 V,24.14,1.99,50.0,E340421,Distribuidora,771391.28,8992354.16,SE0119,CHIMBOTE,ELNM,-78.530874601,-9.10734347099998
20260213,20241231,21351589,"13,2 kV",440/220 V,27.03,0.0,125.0,E340251,Tercero,766484.13,8998045.37,SE0119,CHIMBOTE,ELNM,-78.575838051,-9.056212501
20260213,20241231,21351591,"13,2 kV",220 V,227.4,0.0,350.0,E340972,Tercero,766332.94,8994996.02,SE0119,CHIMBOTE,ELNM,-78.577027633,-9.08377832999997
20260213,20241231,21351593,"13,2 kV",440/220 V,56.56,0.0,100.0,E340253,Tercero,766524.38,8998380.15,SE0119,CHIMBOTE,ELNM,-78.57549241,-9.05318469899998
20260213,20241231,21351595,"13,2 kV",440/220 V,47.64,0.0,125.0,E340515,Tercero,769522.35,8990711.5,SE0119,CHIMBOTE,ELNM,-78.547766105,-9.12230257200002
20260213,20241231,21351597,"13,2 kV",440/220 V,13.92,0.0,210.0,E340517,Tercero,769781.74,8991793.37,SE0119,CHIMBOTE,ELNM,-78.545474367,-9.11251013499998
20260213,20241231,21351603,"13,2 kV",380/220 V,1.27,0.0,150.0,E340519,Tercero,770922.59,8990886.13,SE0119,CHIMBOTE,ELNM,-78.535045023,-9.12063837199997
20260213,20241231,21351607,"13,2 kV",220 V,13.7,0.0,25.0,E340503,Tercero,770388.11,8992244.38,SE0119,CHIMBOTE,ELNM,-78.539988886,-9.10839727500002
20260213,20241231,21351611,"13,2 kV",220 V,30.6,0.0,40.0,E340505,Tercero,770390.15,8991390.99,SE0119,CHIMBOTE,ELNM,-78.539917542,-9.11610893300002
20260213,20241231,21351613,"13,2 kV",220 V,57.61,0.0,100.0,E340257,Tercero,766926.45,8998408.35,SE0119,CHIMBOTE,ELNM,-78.571838843,-9.05290563199998
20260213,20241231,21351615,"13,2 kV",440/220 V,34.32,0.0,100.0,E340254,Tercero,767210.75,8998240.76,SE0119,CHIMBOTE,ELNM,-78.569244061,-9.054402971
20260213,20241231,21351617,"13,2 kV",220 V,9.58,0.0,630.0,E340256,Tercero,767065.75,8999055.74,SE0119,CHIMBOTE,ELNM,-78.570611727,-9.04704684199999
20260213,20241231,21351619,"13,2 kV",220 V,0.91,0.0,25.0,E340258,Tercero,766452.39,8998082.77,SE0119,CHIMBOTE,ELNM,-78.576128872,-9.05587643199999
20260213,20241231,21351621,"13,2 kV",220 V,29.0,10.0,100.0,CH7151,Tercero,768294.48,8993351.84,SE0119,CHIMBOTE,ELNM,-78.559092868,-9.09851757799998
20260213,20241231,21351625,"13,2 kV",220 V,24.99,0.0,50.0,E340588,Tercero,767670.32,8993499.75,SE0119,CHIMBOTE,ELNM,-78.564776905,-9.097218919
20260213,20241231,21351629,"13,2 kV",380/220 V,13.04,0.0,25.0,E340518,Tercero,769856.13,8991753.6,SE0119,CHIMBOTE,ELNM,-78.544795524,-9.11286496000002
20260213,20241231,21350313,"13,2 kV",380/220 V,34.49,1.64,75.0,E340372,Distribuidora,766726.28,8995178.06,SE0119,CHIMBOTE,ELNM,-78.573462487,-9.08210949099998
20260213,20241231,21350317,"13,2 kV",380/220 V,30.61,17.6,100.0,E340487,Distribuidora,773530.42,8992079.44,SE0119,CHIMBOTE,ELNM,-78.511408035,-9.10969350699997
20260213,20241231,21350319,"13,2 kV",220 V,29.37,1.76,100.0,E340029,Distribuidora,765581.95,8995342.16,SE0119,CHIMBOTE,ELNM,-78.583876567,-9.08069555200001
20260213,20241231,21350335,"13,2 kV",220 V,27.81,4.29,50.0,E340383,Distribuidora,767438.94,8993453.29,SE0119,CHIMBOTE,ELNM,-78.56687782,-9.09765282400002
20260213,20241231,21350347,"13,2 kV",220 V,5.64,1.89,125.0,E340276,Distribuidora,764112.33,8996038.59,SE0119,CHIMBOTE,ELNM,-78.597280202,-9.07449007899999
20260213,20241231,21350351,"13,2 kV",220 V,28.73,1.59,100.0,E340233,Distribuidora,766436.54,8997879.96,SE0119,CHIMBOTE,ELNM,-78.576260683,-9.05771016400001
20260213,20241231,21351631,"13,2 kV",220 V,0.48,0.0,20.0,E340502,Distribuidora,770642.61,8992074.97,SE0119,CHIMBOTE,ELNM,-78.537664409,-9.109912522
20260213,20241231,21351633,"13,2 kV",380/220 V,0.11,0.0,50.0,E340506,Tercero,769971.72,8991752.29,SE0119,CHIMBOTE,ELNM,-78.543744447,-9.112869703
20260213,20241231,21351635,"13,2 kV",220 V,15.97,0.0,125.0,E340507,Tercero,772199.88,8990469.75,SE0119,CHIMBOTE,ELNM,-78.523405248,-9.12432205300001
20260213,20241231,21351637,"13,2 kV",380/220 V,5.59,0.0,100.0,E341057,Tercero,770506.41,8990911.38,SE0119,CHIMBOTE,ELNM,-78.538830744,-9.12043584100002
20260213,20241231,21351639,"13,2 kV",220 V,10.54,0.0,100.0,E340523,Tercero,770053.75,8991814.25,SE0119,CHIMBOTE,ELNM,-78.543002422,-9.11230475399998
20260213,20241231,21351643,"13,2 kV",220 V,1.0,1.0,320.0,E340525,Tercero,768460.34,8993011.31,SE0119,CHIMBOTE,ELNM,-78.557563951,-9.10158476300001
20260213,20241231,21351645,"13,2 kV",380/220 V,22.51,0.0,75.0,E341129,Tercero,771724.05,8991118.91,SE0119,CHIMBOTE,ELNM,-78.527772186,-9.11848534799998
20260213,20241231,21351657,"13,2 kV",220 V,22.12,4.35,100.0,E340938,Distribuidora,763117.03,8996173.98,SE0119,CHIMBOTE,ELNM,-78.606337457,-9.073325958
20260213,20241231,21351659,"13,2 kV",380/220 V,38.66,2.99,50.0,E340920,Distribuidora,773785.87,8989813.6,SE0119,CHIMBOTE,ELNM,-78.50894339,-9.13015271900002
20260213,20241231,21351661,"13,2 kV",220 V,75.16,3.44,250.0,E340357,Distribuidora,765252.74,8997086.31,SE0119,CHIMBOTE,ELNM,-78.586975094,-9.06495349900001
20260213,20241231,21351667,"13,2 kV",440/220 V,37.2,0.0,1250.0,E340138,Tercero,767961.99,8992032.42,SE0119,CHIMBOTE,ELNM,-78.562035112,-9.11046115400001
20260213,20241231,21351671,"13,2 kV",220 V,1.27,0.0,40.0,E340971,Tercero,766347.53,8995022.81,SE0119,CHIMBOTE,ELNM,-78.576896609,-9.08353534999998
20260213,20241231,21351673,"13,2 kV",220 V,88.76,0.0,640.0,E341048,Tercero,766643.41,8994163.08,SE0119,CHIMBOTE,ELNM,-78.574154189,-9.09128676300003
20260213,20241231,21350367,"13,2 kV",220 V,1.0,1.0,15.0,E340308,Tercero,761465.1,8997607.06,SE0119,CHIMBOTE,ELNM,-78.621441968,-9.060473011
20260213,20241231,21350371,"13,2 kV",220 V,24.41,6.48,100.0,E340026,Distribuidora,765433.19,8995549.23,SE0119,CHIMBOTE,ELNM,-78.585241609,-9.07883321700001
20260213,20241231,21350375,"13,2 kV",220 V,34.6,2.22,50.0,E340900,Distribuidora,765165.6,8997139.38,SE0119,CHIMBOTE,ELNM,-78.587770533,-9.06447913300002
20260213,20241231,21350387,"13,2 kV",220 V,67.28,1.89,100.0,E340121,Distribuidora,765491.85,8996938.02,SE0119,CHIMBOTE,ELNM,-78.58479226,-9.06627923799999
20260213,20241231,21350391,"13,2 kV",380/220 V,46.47,4.6,75.0,E340241,Distribuidora,766754.79,8998772.73,SE0119,CHIMBOTE,ELNM,-78.573421512,-9.049623113
20260213,20241231,21350405,"13,2 kV",380/220 V,53.45,3.93,75.0,E341060,Distribuidora,774304.47,8988314.71,SE0119,CHIMBOTE,ELNM,-78.504133619,-9.14366489000003
20260213,20241231,21351675,"13,2 kV",220 V,6.09,0.0,25.0,E340319,Tercero,764576.25,8998568.98,SE0119,CHIMBOTE,ELNM,-78.59321464,-9.05159510200002
20260213,20241231,21351677,"13,2 kV",220 V,19.17,1.0,375.0,E340320,Tercero,763742.36,8996576.76,SE0119,CHIMBOTE,ELNM,-78.600676242,-9.06964870799999
20260213,20241231,21351683,"13,2 kV",440/220 V,64.69,0.0,800.0,E340983,Tercero,767884.15,8991537.82,SE0119,CHIMBOTE,ELNM,-78.562712556,-9.11493549699998
20260213,20241231,21351695,"13,2 kV",220 V,43.66,5.74,150.0,E340358,Distribuidora,765219.94,8996503.92,SE0119,CHIMBOTE,ELNM,-78.587238136,-9.07021851799999
20260213,20241231,21351699,"13,2 kV",220 V,60.63,6.69,100.0,E340453,Distribuidora,771500.9,8990938.93,SE0119,CHIMBOTE,ELNM,-78.529789985,-9.12012554199998
20260213,20241231,21351705,"13,2 kV",220 V,4.94,1.0,25.0,E340307,Tercero,761882.36,8996996.4,SE0119,CHIMBOTE,ELNM,-78.617612006,-9.06596697600003
20260213,20241231,21351707,"13,2 kV",220 V,46.98,6.02,150.0,E340240,Distribuidora,766246.07,8998851.34,SE0119,CHIMBOTE,ELNM,-78.578051075,-9.048943334
20260213,20241231,21351711,"13,2 kV",380/220 V,23.78,4.99,75.0,E340469,Distribuidora,770086.32,8991590.52,SE0119,CHIMBOTE,ELNM,-78.542692455,-9.11432452600002
20260213,20241231,21351713,"13,2 kV",380/220 V,22.75,1.0,25.0,E340313,Distribuidora,764917.4,8997880.42,SE0119,CHIMBOTE,ELNM,-78.590071706,-9.05779722800003
20260213,20241231,21351715,"13,2 kV",220 V,244.8,0.0,320.0,E340143,Tercero,767911.33,8992329.94,SE0119,CHIMBOTE,ELNM,-78.562513969,-9.10777561100002
20260213,20241231,21351717,"13,2 kV",440/220 V,58.8,0.0,200.0,E341162,Tercero,769088.53,8991019.79,SE0119,CHIMBOTE,ELNM,-78.551729711,-9.11954323800001
20260213,20241231,21350411,"13,2 kV",380/220 V,52.28,1.42,75.0,E340169,Distribuidora,766293.94,8996666.82,SE0119,CHIMBOTE,ELNM,-78.577483599,-9.068681803
20260213,20241231,21350413,"13,2 kV",380/220 V,36.26,2.74,75.0,E340225,Distribuidora,766143.45,8997999.58,SE0119,CHIMBOTE,ELNM,-78.578932487,-9.05664680500001
20260213,20241231,21350417,"13,2 kV",380/220 V,28.24,4.63,200.0,E340245,Distribuidora,765796.28,8997679.12,SE0119,CHIMBOTE,ELNM,-78.582069338,-9.05956365600002
20260213,20241231,21350419,"13,2 kV",220 V,32.06,1.3,50.0,E340162,Distribuidora,767084.09,8995542.31,SE0119,CHIMBOTE,ELNM,-78.570231506,-9.078796168
20260213,20241231,21350421,"13,2 kV",380/220 V,16.09,2.51,50.0,E341085,Distribuidora,774008.12,8989846.48,SE0119,CHIMBOTE,ELNM,-78.506924617,-9.12984173199999
20260213,20241231,21350425,"13,2 kV",380/220 V,42.18,1.0,75.0,E340271,Distribuidora,763797.5,8996086.43,SE0119,CHIMBOTE,ELNM,-78.600145465,-9.07407656300001
20260213,20241231,21350431,"13,2 kV",220 V,72.77,9.23,100.0,E340457,Distribuidora,771465.96,8990480.6,SE0119,CHIMBOTE,ELNM,-78.530079179,-9.12426943399998
20260213,20241231,21350435,"13,2 kV",380/220 V,18.82,1.12,50.0,E340126,Distribuidora,766608.29,8996813.82,SE0119,CHIMBOTE,ELNM,-78.574634592,-9.06733442400002
20260213,20241231,21350437,"13,2 kV",380/220 V,45.87,2.71,75.0,E340180,Distribuidora,766910.48,8995265.84,SE0119,CHIMBOTE,ELNM,-78.571793107,-9.081305095
20260213,20241231,21350441,"13,2 kV",380/220 V,30.67,1.96,50.0,E340615,Distribuidora,772387.47,8989400.9,SE0119,CHIMBOTE,ELNM,-78.521632828,-9.13396909900001
20260213,20241231,21350443,"13,2 kV",380/220 V,38.55,1.0,100.0,E340268,Distribuidora,763400.5,8996155.8,SE0119,CHIMBOTE,ELNM,-78.603759096,-9.07347335600002
20260213,20241231,21350447,"13,2 kV",220 V,68.64,1.65,150.0,E340122,Distribuidora,765442.21,8996838.51,SE0119,CHIMBOTE,ELNM,-78.585237552,-9.06718148900001
20260213,20241231,21350473,"13,2 kV",380/220 V,33.69,4.2,75.0,E340072,Distribuidora,765841.55,8996641.97,SE0119,CHIMBOTE,ELNM,-78.581595033,-9.068933609
20260213,20241231,21350475,"13,2 kV",380/220 V,21.78,0.71,37.5,E340918,Distribuidora,770449.27,8991789.31,SE0119,CHIMBOTE,ELNM,-78.539404647,-9.11250582100001
20260213,20241231,21350477,"13,2 kV",380/220 V,66.18,7.57,100.0,E340129,Distribuidora,766740.22,8996231.71,SE0119,CHIMBOTE,ELNM,-78.573399795,-9.07258693
20260213,20241231,21350495,"13,2 kV",380/220 V,13.78,1.0,50.0,E340333,Tercero,763747.07,8996024.38,SE0119,CHIMBOTE,ELNM,-78.600600238,-9.07464032600001
20260213,20241231,21350497,"13,2 kV",220 V,1.0,1.0,160.0,E340331,Tercero,763728.6,8996466.22,SE0119,CHIMBOTE,ELNM,-78.600794706,-9.07064848800002
20260213,20241231,21350507,"13,2 kV",220 V,38.25,0.0,50.0,E341038,Tercero,764807.28,8995813.91,SE0119,CHIMBOTE,ELNM,-78.590948287,-9.07647889700002
20260213,20241231,21350515,"13,2 kV",220 V,19.34,0.0,160.0,E341032,Tercero,764898.55,8998461.55,SE0119,CHIMBOTE,ELNM,-78.590278071,-9.05254667700001
20260213,20241231,21350517,"13,2 kV",380/220 V,35.34,2.63,50.0,E340189,Distribuidora,767188.4,8994759.2,SE0119,CHIMBOTE,ELNM,-78.569235434,-9.08586671
20260213,20241231,21350519,"13,2 kV",220 V,147.8,1.0,200.0,E340325,Tercero,763974.16,8995818.2,SE0119,CHIMBOTE,ELNM,-78.598523167,-9.07649001800002
20260213,20241231,21350521,"13,2 kV",440/220 V,76.37,0.0,315.0,E340314,Tercero,764343.45,8995719.66,SE0119,CHIMBOTE,ELNM,-78.595159688,-9.07735843199998
20260213,20241231,21350523,"13,2 kV",220 V,273.06,0.0,1000.0,E340315,Tercero,765176.49,8997433.7,SE0119,CHIMBOTE,ELNM,-78.587689283,-9.06181871299998
20260213,20241231,21350527,"13,2 kV",440/220 V,1.0,0.0,1650.0,E340398,Tercero,766539.66,8994071.71,SE0119,CHIMBOTE,ELNM,-78.575091937,-9.09211873800001
20260213,20241231,21350529,"13,2 kV",380/220 V,8.41,0.0,50.0,E341130,Tercero,768890.57,8992658.32,SE0119,CHIMBOTE,ELNM,-78.553630502,-9.10474838900001
20260213,20241231,21350531,"13,2 kV",220 V,19.13,0.0,25.0,E340573,Tercero,770635.82,8990716.38,SE0119,CHIMBOTE,ELNM,-78.537641984,-9.12219001300002
20260213,20241231,21350535,"13,2 kV",440/220 V,43.95,1.0,100.0,E340252,Tercero,766714.57,8997842.36,SE0119,CHIMBOTE,ELNM,-78.573730757,-9.05803320000001
20260213,20241231,21350537,"13,2 kV",440/220 V,38.25,0.0,50.0,E340508,Tercero,773410.64,8992496.78,SE0119,CHIMBOTE,ELNM,-78.512523185,-9.10592967700001
20260213,20241231,21350539,"13,2 kV",380/220 V,6.61,0.0,220.0,E340511,Tercero,772906.64,8991317.59,SE0119,CHIMBOTE,ELNM,-78.517031969,-9.11661669900002
20260213,20241231,21351373,"13,2 kV",220 V,62.47,0.0,300.0,E340512,Tercero,773078.26,8991172.75,SE0119,CHIMBOTE,ELNM,-78.515462485,-9.11791488300003
20260213,20241231,21351375,"13,2 kV",220 V,13.49,0.0,400.0,E340513,Tercero,771947.49,8990275.96,SE0119,CHIMBOTE,ELNM,-78.525688055,-9.12608888099999
20260213,20241231,21351379,"13,2 kV",220 V,10.88,0.0,25.0,E340579,Tercero,772201.33,8990163.3,SE0119,CHIMBOTE,ELNM,-78.523372949,-9.12709120699998
20260213,20241231,21351381,"13,2 kV",220 V,11.66,0.0,30.0,E340580,Tercero,771993.39,8989464.05,SE0119,CHIMBOTE,ELNM,-78.525220075,-9.133422892
20260213,20241231,21351383,"13,2 kV",220 V,8.39,0.0,80.0,E340581,Tercero,771425.86,8990125.33,SE0119,CHIMBOTE,ELNM,-78.530421696,-9.12748233600001
20260213,20241231,21351385,"13,2 kV",220 V,16.54,0.0,50.0,E340584,Tercero,773478.12,8990111.28,SE0119,CHIMBOTE,ELNM,-78.511760316,-9.12748193800002
20260213,20241231,21351387,"13,2 kV",220 V,487.87,0.0,2200.0,E341064,Tercero,768082.27,8991070.91,SE0119,CHIMBOTE,ELNM,-78.560882471,-9.11914278500001
20260213,20241231,21351389,"13,2 kV",220 V,48.36,0.0,100.0,E341065,Tercero,768877.6,8992206.38,SE0119,CHIMBOTE,ELNM,-78.553720643,-9.10883324700001
20260213,20241231,21351405,"13,2 kV",380/220 V,10.33,0.0,50.0,E341059,Tercero,772780.9,8989921.96,SE0119,CHIMBOTE,ELNM,-78.518088034,-9.12923610199999
20260213,20241231,21348769,"13,2 kV",220 V,24.35,1.71,75.0,E340165,Distribuidora,765709.33,8997251.48,SE0119,CHIMBOTE,ELNM,-78.582833985,-9.06343344499999
20260213,20241231,21348771,"13,2 kV",220 V,22.91,5.04,100.0,E340305,Distribuidora,765020.12,8998319.37,SE0119,CHIMBOTE,ELNM,-78.589164286,-9.05382428199999
20260213,20241231,21348773,"13,2 kV",380/220 V,20.67,2.43,75.0,E340080,Distribuidora,766134.37,8995272.9,SE0119,CHIMBOTE,ELNM,-78.578849823,-9.08128816999999
20260213,20241231,21348775,"13,2 kV",220 V,90.87,16.07,250.0,E340564,Distribuidora,771319.81,8990253.8,SE0119,CHIMBOTE,ELNM,-78.531393969,-9.126327962
20260213,20241231,21348777,"13,2 kV",220 V,42.93,1.45,50.0,E340912,Distribuidora,767032.08,8995759.18,SE0119,CHIMBOTE,ELNM,-78.570717567,-9.07683948900001
20260213,20241231,21348779,"13,2 kV",380/220 V,40.16,3.19,75.0,E340197,Distribuidora,768002.1,8994162.87,SE0119,CHIMBOTE,ELNM,-78.561800878,-9.09120626100002
20260213,20241231,21348781,"13,2 kV",220 V,83.9,1.0,250.0,E340347,Distribuidora,764148.47,8996769.86,SE0119,CHIMBOTE,ELNM,-78.596995612,-9.06787939399999
20260213,20241231,21348783,"13,2 kV",440/220 V,69.98,0.0,1600.0,E341132,Tercero,767940.62,8992022.86,SE0119,CHIMBOTE,ELNM,-78.562228833,-9.11054884700002
20260213,20241231,21348785,"13,2 kV",220 V,22.96,1.57,100.0,E340025,Distribuidora,765501.22,8995778.33,SE0119,CHIMBOTE,ELNM,-78.584636952,-9.07675875699999
20260213,20241231,21348787,"13,2 kV",220 V,22.72,4.24,125.0,E340345,Distribuidora,764241.12,8996981.33,SE0119,CHIMBOTE,ELNM,-78.596165988,-9.065962791
20260213,20241231,21348789,"13,2 kV",380/220 V,48.84,1.63,75.0,E340438,Distribuidora,772801.2,8990892.69,SE0119,CHIMBOTE,ELNM,-78.517964128,-9.12046285000002
20260213,20241231,21348791,"13,2 kV",380/220 V,53.84,3.72,75.0,E341154,Distribuidora,774070.44,8987986.33,SE0119,CHIMBOTE,ELNM,-78.506240976,-9.14664690400002
20260213,20241231,21348795,"13,2 kV",220 V,50.58,4.82,100.0,E340178,Distribuidora,767126.61,8995567.74,SE0119,CHIMBOTE,ELNM,-78.569846473,-9.078563788
20260213,20241231,21348797,"13,2 kV",220 V,2.19,0.0,50.0,E340135,Distribuidora,768183.21,8991625.49,SE0119,CHIMBOTE,ELNM,-78.559998699,-9.11412500900002
20260213,20241231,21348799,"13,2 kV",380/220 V,22.11,2.19,75.0,E340123,Distribuidora,766437.72,8997155.02,SE0119,CHIMBOTE,ELNM,-78.576206021,-9.06426131500001
20260213,20241231,21348803,"13,2 kV",380/220 V,34.59,2.66,75.0,E340127,Distribuidora,766486.47,8996540.47,SE0119,CHIMBOTE,ELNM,-78.575725536,-9.06981201000002
20260213,20241231,21348807,"13,2 kV",220 V,51.57,3.73,100.0,E340461,Distribuidora,771304.82,8990823.71,SE0119,CHIMBOTE,ELNM,-78.531565691,-9.12117884899999
20260213,20241231,21348809,"13,2 kV",220 V,77.87,1.79,200.0,E340531,Distribuidora,773084.16,8991758.23,SE0119,CHIMBOTE,ELNM,-78.515445434,-9.11262384000003
20260213,20241231,21348811,"13,2 kV",380/220 V,34.98,4.0,75.0,E340186,Distribuidora,766873.11,8994846.7,SE0119,CHIMBOTE,ELNM,-78.572107361,-9.08509507299999
20260213,20241231,21348815,"13,2 kV",380/220 V,76.75,6.69,250.0,E340176,Distribuidora,767364.23,8996138.6,SE0119,CHIMBOTE,ELNM,-78.567720868,-9.07339062400001
20260213,20241231,21348817,"13,2 kV",380/220 V,22.51,1.6,50.0,E340463,Distribuidora,770692.34,8991222.42,SE0119,CHIMBOTE,ELNM,-78.537159436,-9.11761363800002
20260213,20241231,21348821,"13,2 kV",220 V,83.2,9.96,250.0,E340387,Distribuidora,767910.38,8993058.44,SE0119,CHIMBOTE,ELNM,-78.562567223,-9.10119235799999
20260213,20241231,21348823,"13,2 kV",220 V,21.47,2.89,125.0,E340389,Distribuidora,768067.78,8992749.26,SE0119,CHIMBOTE,ELNM,-78.561117157,-9.10397677399999
20260213,20241231,21348833,"13,2 kV",220 V,24.81,2.56,250.0,E340458,Distribuidora,771675.22,8990326.15,SE0119,CHIMBOTE,ELNM,-78.52816684,-9.12565218999998
20260213,20241231,21348835,"13,2 kV",380/220 V,18.87,2.7,50.0,E340012,Distribuidora,766491.72,8995772.54,SE0119,CHIMBOTE,ELNM,-78.57563119,-9.07675140499998
20260213,20241231,21348837,"13,2 kV",380/220 V,39.07,2.33,100.0,E340449,Distribuidora,771851.01,8990848.67,SE0119,CHIMBOTE,ELNM,-78.526600982,-9.12091953300001
20260213,20241231,21348839,"13,2 kV",220 V,52.57,5.94,160.0,E340024,Distribuidora,765802.06,8995524.56,SE0119,CHIMBOTE,ELNM,-78.581886401,-9.07903396199998
20260213,20241231,21348841,"13,2 kV",220 V,34.05,4.99,100.0,E340337,Distribuidora,765132.24,8996352.91,SE0119,CHIMBOTE,ELNM,-78.588026357,-9.07158845800001
20260213,20241231,21348843,"13,2 kV",220 V,24.42,2.1,75.0,E340339,Distribuidora,765241.94,8996609.21,SE0119,CHIMBOTE,ELNM,-78.587044478,-9.06926569299998
20260213,20241231,21348845,"13,2 kV",220 V,46.82,14.2,150.0,E340388,Distribuidora,767706.57,8992858.31,SE0119,CHIMBOTE,ELNM,-78.564408078,-9.10301329200001
20260213,20241231,21348847,"13,2 kV",380/220 V,31.81,1.79,50.0,E340901,Distribuidora,765139.63,8996999.97,SE0119,CHIMBOTE,ELNM,-78.587998228,-9.065740538
20260213,20241231,21348849,"13,2 kV",220 V,47.0,9.68,175.0,E340941,Distribuidora,763248.52,8996057.48,SE0119,CHIMBOTE,ELNM,-78.605134981,-9.074370945
20260213,20241231,21348529,"13,2 kV",380/220 V,47.47,3.32,75.0,E341094,Distribuidora,767252.15,8995697.41,SE0119,CHIMBOTE,ELNM,-78.568712992,-9.07738438000001
20260213,20241231,21348553,"13,2 kV",380/220 V,18.79,4.11,150.0,E340623,Distribuidora,768990.64,9004548.66,SE0119,CHIMBOTE,ELNM,-78.553447303,-8.99729206199999
20260213,20241231,21348569,"13,2 kV",220 V,33.16,1.36,75.0,E340069,Distribuidora,765703.31,8996481.81,SE0119,CHIMBOTE,ELNM,-78.582842167,-9.070389283
20260213,20241231,21348571,"13,2 kV",220 V,0.79,0.24,25.0,E340160,Distribuidora,769971.76,8996558.22,SE0119,CHIMBOTE,ELNM,-78.544040226,-9.06944003400002
20260213,20241231,21348575,"13,2 kV",380/220 V,13.02,2.07,50.0,E340248,Distribuidora,766699.48,8997938.08,SE0119,CHIMBOTE,ELNM,-78.573873749,-9.05716909699998
20260213,20241231,21348577,"13,2 kV",220 V,14.66,1.83,125.0,E340224,Distribuidora,765969.55,8997869.43,SE0119,CHIMBOTE,ELNM,-78.580505589,-9.05783342000001
20260213,20241231,21348579,"13,2 kV",380/220 V,27.19,3.07,75.0,E340219,Distribuidora,765774.88,8998243.5,SE0119,CHIMBOTE,ELNM,-78.582297996,-9.05446466199999
20260213,20241231,21348581,"13,2 kV",380/220 V,17.85,1.18,50.0,E340495,Distribuidora,770394.01,8991671.8,SE0119,CHIMBOTE,ELNM,-78.539899823,-9.11357111500001
20260213,20241231,21348587,"13,2 kV",380/220 V,158.34,12.97,400.0,E340556,Distribuidora,773571.49,8989277.12,SE0119,CHIMBOTE,ELNM,-78.510859015,-9.13501395499998
20260213,20241231,21348591,"13,2 kV",440/220 V,18.29,1.53,50.0,E340264,Distribuidora,765433.94,8997258.63,SE0119,CHIMBOTE,ELNM,-78.585338117,-9.06338537099998
20260213,20241231,21348593,"13,2 kV",220 V,21.91,5.76,75.0,E340360,Distribuidora,765366.99,8996413.01,SE0119,CHIMBOTE,ELNM,-78.585895713,-9.07103124000002
20260213,20241231,21348595,"13,2 kV",220 V,24.27,2.49,150.0,E340191,Distribuidora,767409.34,8994639.02,SE0119,CHIMBOTE,ELNM,-78.567219332,-9.086939368
20260213,20241231,21348597,"13,2 kV",380/220 V,54.44,2.95,75.0,E340185,Distribuidora,767043.96,8995041.19,SE0119,CHIMBOTE,ELNM,-78.57056585,-9.08332715199998
20260213,20241231,21348601,"13,2 kV",380/220 V,19.33,3.92,37.5,E340066,Distribuidora,765824.24,8996707.15,SE0119,CHIMBOTE,ELNM,-78.581756353,-9.06834562199998
20260213,20241231,21348603,"13,2 kV",380/220 V,15.09,4.01,100.0,E340263,Distribuidora,764972.59,8998526.9,SE0119,CHIMBOTE,ELNM,-78.58960889,-9.05195167699998
20260213,20241231,21348605,"13,2 kV",220 V,13.87,1.08,100.0,E340303,Distribuidora,765190.85,8998127.25,SE0119,CHIMBOTE,ELNM,-78.587600554,-9.05555024400002
20260213,20241231,21348609,"13,2 kV",220 V,82.14,17.97,250.0,E340385,Distribuidora,767677.67,8993266.58,SE0119,CHIMBOTE,ELNM,-78.564695819,-9.099325588
20260213,20241231,21348611,"13,2 kV",380/220 V,18.13,4.9,50.0,E340302,Distribuidora,765521.48,8998162.45,SE0119,CHIMBOTE,ELNM,-78.584596826,-9.05521231799997
20260213,20241231,21348615,"13,2 kV",380/220 V,26.14,2.16,75.0,E340465,Distribuidora,770461.83,8991091.05,SE0119,CHIMBOTE,ELNM,-78.53924722,-9.11881497299999
20260213,20241231,21348617,"13,2 kV",380/220 V,16.23,1.24,75.0,E340125,Distribuidora,766611.31,8996962.08,SE0119,CHIMBOTE,ELNM,-78.574616132,-9.06599443099998
20260213,20241231,21348619,"13,2 kV",380/220 V,8.94,2.24,50.0,E340244,Distribuidora,766721.4,8999329.35,SE0119,CHIMBOTE,ELNM,-78.573758777,-9.044595001
20260213,20241231,21348621,"13,2 kV",380/220 V,19.16,8.15,75.0,E340085,Distribuidora,767209.01,8994084.16,SE0119,CHIMBOTE,ELNM,-78.569006889,-9.0919657
20260213,20241231,21348623,"13,2 kV",220 V,48.48,11.68,150.0,E340460,Distribuidora,771693.23,8989873.56,SE0119,CHIMBOTE,ELNM,-78.527974897,-9.12974093100001
20260213,20241231,21348629,"13,2 kV",380/220 V,23.11,6.93,75.0,E340467,Distribuidora,770389.61,8991443.54,SE0119,CHIMBOTE,ELNM,-78.539925705,-9.115634091
20260213,20241231,21348633,"13,2 kV",380/220 V,6.22,1.0,25.0,E340159,Distribuidora,769575.92,8996556.2,SE0119,CHIMBOTE,ELNM,-78.547638828,-9.06948245500001
20260213,20241231,21348637,"13,2 kV",380/220 V,45.77,2.77,75.0,E340184,Distribuidora,767077.76,8995073.64,SE0119,CHIMBOTE,ELNM,-78.570260521,-9.08303186000001
20260213,20241231,21348643,"13,2 kV",380/220 V,39.19,2.95,50.0,E340011,Distribuidora,766655.3,8995904.91,SE0119,CHIMBOTE,ELNM,-78.574152005,-9.075545315
20260213,20241231,21348645,"13,2 kV",380/220 V,43.88,2.24,75.0,E340181,Distribuidora,766876.82,8995236.59,SE0119,CHIMBOTE,ELNM,-78.572097359,-9.08157146000002
20260213,20241231,21348649,"13,2 kV",380/220 V,39.26,2.28,50.0,E340431,Distribuidora,771815.2,8991305.7,SE0119,CHIMBOTE,ELNM,-78.52695503,-9.11679177299999
20260213,20241231,21348651,"13,2 kV",380/220 V,12.48,1.59,75.0,E340156,Distribuidora,767608.95,8996391.0,SE0119,CHIMBOTE,ELNM,-78.565511353,-9.071094905
20260213,20241231,21348653,"13,2 kV",380/220 V,24.7,2.84,75.0,E340015,Distribuidora,766149.71,8995829.51,SE0119,CHIMBOTE,ELNM,-78.578744119,-9.07625720200002
20260213,20241231,21348657,"13,2 kV",380/220 V,16.65,2.54,50.0,E340919,Distribuidora,774526.57,8988378.57,SE0119,CHIMBOTE,ELNM,-78.502118101,-9.14307391900002
20260213,20241231,21348659,"13,2 kV",380/220 V,29.87,2.18,75.0,E340298,Distribuidora,765112.67,8997878.29,SE0119,CHIMBOTE,ELNM,-78.588296307,-9.05780478000003
20260213,20241231,21348661,"13,2 kV",380/220 V,21.18,1.89,37.5,E340543,Distribuidora,772473.55,8989666.83,SE0119,CHIMBOTE,ELNM,-78.520866735,-9.13156067599999
20260213,20241231,21348663,"13,2 kV",380/220 V,28.99,9.64,75.0,E340084,Distribuidora,766996.84,8994279.71,SE0119,CHIMBOTE,ELNM,-78.570947877,-9.090211399
20260213,20241231,21348671,"13,2 kV",380/220 V,29.61,4.25,75.0,E340082,Distribuidora,766459.23,8994943.54,SE0119,CHIMBOTE,ELNM,-78.575876224,-9.08424496100002
20260213,20241231,21348673,"13,2 kV",380/220 V,15.72,1.36,50.0,E340193,Distribuidora,767403.56,8994372.27,SE0119,CHIMBOTE,ELNM,-78.567255608,-9.08935029700001
20260213,20241231,21348675,"13,2 kV",380/220 V,10.96,1.96,50.0,E340585,Distribuidora,767724.38,8993530.48,SE0119,CHIMBOTE,ELNM,-78.56428726,-9.096937932
20260213,20241231,21348679,"13,2 kV",220 V,16.87,0.0,100.0,E341189,Tercero,767583.47,8997914.74,SE0119,CHIMBOTE,ELNM,-78.565835782,-9.05732664700002
20260213,20241231,21348681,"13,2 kV",380/220 V,19.63,1.24,75.0,E340017,Distribuidora,767364.46,8993931.83,SE0119,CHIMBOTE,ELNM,-78.567584227,-9.09333285500003
20260213,20241231,21348683,"13,2 kV",380/220 V,28.05,4.23,50.0,E340200,Distribuidora,768064.83,8993601.51,SE0119,CHIMBOTE,ELNM,-78.561196178,-9.09627534399999
20260213,20241231,21348685,"13,2 kV",380/220 V,36.19,3.31,75.0,E340190,Distribuidora,767319.24,8994561.33,SE0119,CHIMBOTE,ELNM,-78.568033779,-9.087646904
20260213,20241231,21348687,"13,2 kV",380/220 V,28.61,2.75,37.5,E340131,Distribuidora,766454.46,8996180.85,SE0119,CHIMBOTE,ELNM,-78.575994735,-9.07306379400001
20260213,20241231,21348689,"13,2 kV",380/220 V,16.28,3.18,50.0,E340970,Distribuidora,765756.57,8995434.24,SE0119,CHIMBOTE,ELNM,-78.582294518,-9.07985291799997
20260213,20241231,21348691,"13,2 kV",380/220 V,17.46,2.01,37.5,E340905,Distribuidora,765570.31,8995244.15,SE0119,CHIMBOTE,ELNM,-78.583976463,-9.081581965
20260213,20241231,21348693,"13,2 kV",220 V,17.47,2.86,100.0,E340362,Distribuidora,765481.33,8996602.32,SE0119,CHIMBOTE,ELNM,-78.584867615,-9.06931358200001
20260213,20241231,21348695,"13,2 kV",380/220 V,28.34,1.93,75.0,E341087,Distribuidora,773264.0,8989356.92,SE0119,CHIMBOTE,ELNM,-78.513659959,-9.13431201200001
20260213,20241231,21348697,"13,2 kV",220 V,122.77,1.0,200.0,E340352,Distribuidora,764728.6,8996541.3,SE0119,CHIMBOTE,ELNM,-78.591707495,-9.06991018100001
20260213,20241231,21348701,"13,2 kV",380/220 V,20.82,4.5,160.0,E340083,Distribuidora,766744.66,8994564.17,SE0119,CHIMBOTE,ELNM,-78.573258029,-9.08765603299997
20260213,20241231,21348703,"13,2 kV",380/220 V,46.63,1.98,75.0,E340534,Distribuidora,772631.1,8990825.68,SE0119,CHIMBOTE,ELNM,-78.519506573,-9.12107894399998
20260213,20241231,21348709,"13,2 kV",220 V,32.41,2.65,100.0,E340427,Distribuidora,773131.11,8991374.87,SE0119,CHIMBOTE,ELNM,-78.514994591,-9.11608514699998
20260213,20241231,21348713,"13,2 kV",380/220 V,14.93,2.21,37.5,E340086,Distribuidora,767327.89,8994025.15,SE0119,CHIMBOTE,ELNM,-78.567922421,-9.09249175600002
20260213,20241231,21348715,"13,2 kV",380/220 V,26.71,2.79,50.0,E341082,Distribuidora,774187.26,8988637.5,SE0119,CHIMBOTE,ELNM,-78.505219723,-9.140755367
20260213,20241231,21348717,"13,2 kV",380/220 V,36.7,4.47,50.0,E341080,Distribuidora,774032.64,8988482.55,SE0119,CHIMBOTE,ELNM,-78.506615919,-9.14216522599997
20260213,20241231,21348723,"13,2 kV",440/220 V,25.84,2.07,50.0,E340420,Distribuidora,771156.53,8992004.6,SE0119,CHIMBOTE,ELNM,-78.532987322,-9.11051677799998
20260213,20241231,21348725,"13,2 kV",220 V,64.21,2.77,150.0,E340120,Distribuidora,765570.11,8997091.36,SE0119,CHIMBOTE,ELNM,-78.584090023,-9.06488880900002
20260213,20241231,21348729,"13,2 kV",380/220 V,10.71,0.83,25.0,E340232,Distribuidora,765897.44,8997346.92,SE0119,CHIMBOTE,ELNM,-78.581129564,-9.06255965100002
20260213,20241231,21348741,"13,2 kV",380/220 V,10.44,1.18,50.0,E341711,Distribuidora,771408.37,8992259.79,SE0119,CHIMBOTE,ELNM,-78.530713358,-9.10819520000001
20260213,20241231,21348745,"13,2 kV",220 V,25.51,4.75,150.0,E340359,Distribuidora,765363.14,8996579.31,SE0119,CHIMBOTE,ELNM,-78.585940765,-9.06952862200001
20260213,20241231,21348749,"13,2 kV",220 V,58.87,8.03,250.0,E340386,Distribuidora,767460.18,8993043.16,SE0119,CHIMBOTE,ELNM,-78.56665964,-9.10135781100001
20260213,20241231,21348751,"13,2 kV",380/220 V,14.87,5.85,100.0,E340195,Distribuidora,767534.25,8994144.43,SE0119,CHIMBOTE,ELNM,-78.566053462,-9.09140131999999
20260213,20241231,21348753,"13,2 kV",380/220 V,24.6,3.26,75.0,E340194,Distribuidora,767345.38,8994292.81,SE0119,CHIMBOTE,ELNM,-78.567779733,-9.09007189300002
20260213,20241231,21348755,"13,2 kV",380/220 V,50.92,1.08,100.0,E340340,Distribuidora,765049.52,8995913.94,SE0119,CHIMBOTE,ELNM,-78.58875192,-9.07556039100001
20260213,20241231,21348757,"13,2 kV",220 V,60.81,1.78,125.0,E340448,Distribuidora,771662.47,8990737.29,SE0119,CHIMBOTE,ELNM,-78.528308359,-9.121937688
20260213,20241231,21348759,"13,2 kV",220 V,68.52,4.4,150.0,E340354,Distribuidora,765018.36,8996688.18,SE0119,CHIMBOTE,ELNM,-78.589081953,-9.06856545699998
20260213,20241231,21348763,"13,2 kV",220 V,40.81,4.14,100.0,E340384,Distribuidora,767307.47,8993336.6,SE0119,CHIMBOTE,ELNM,-78.56806605,-9.098715314
20260213,20241231,21348765,"13,2 kV",220 V,60.84,4.5,160.0,E340563,Distribuidora,771582.82,8990064.92,SE0119,CHIMBOTE,ELNM,-78.528990743,-9.12801852799998
20260213,20241231,21348767,"13,2 kV",380/220 V,44.43,4.94,75.0,E341153,Distribuidora,773950.38,8988359.2,SE0119,CHIMBOTE,ELNM,-78.507356146,-9.14328500900001
20260213,20241231,21356611,"13,2 kV",220 V,3.02,0.0,100.0,E342238,Distribuidora,771783.44,8989968.49,SE0119,CHIMBOTE,ELNM,-78.527160553,-9.12887750599998
20260213,20241231,21356613,"13,2 kV",440/220 V,4.17,0.65,25.0,E342240,Distribuidora,763901.1,8995870.62,SE0119,CHIMBOTE,ELNM,-78.599190574,-9.07602066200002
20260213,20241231,21356645,"13,2 kV",220 V,12.68,0.0,25.0,E342256,Tercero,769625.76,8991600.48,SE0119,CHIMBOTE,ELNM,-78.546880707,-9.11426278900001
20260213,20241231,21356647,"13,2 kV",220 V,37.89,0.36,50.0,E342257,Distribuidora,770849.24,8991031.2,SE0119,CHIMBOTE,ELNM,-78.535720962,-9.11933195300003
20260213,20241231,21356651,"13,2 kV",380/220 V,20.88,0.0,1000.0,E342259,Tercero,768181.4,8993276.79,SE0119,CHIMBOTE,ELNM,-78.560116415,-9.099202676
20260213,20241231,21356661,"13,2 kV",220 V,226.73,0.0,500.0,E342264,Tercero,766710.88,8994330.84,SE0119,CHIMBOTE,ELNM,-78.573550957,-9.08976665300003
20260213,20241231,21356665,"13,2 kV",220 V,1.18,0.0,250.0,E342266,Tercero,768337.75,8991797.64,SE0119,CHIMBOTE,ELNM,-78.558604101,-9.11255989900002
20260213,20241231,21355469,"13,2 kV",440/220 V,48.04,0.0,250.0,E342017,Tercero,769696.54,8993898.31,SE0119,CHIMBOTE,ELNM,-78.546378794,-9.093493663
20260213,20241231,21355471,"13,2 kV",380/220 V,25.99,2.31,75.0,E342018,Distribuidora,770248.55,8991076.87,SE0119,CHIMBOTE,ELNM,-78.541185607,-9.118956234
20260213,20241231,21355473,"13,2 kV",380/220 V,15.38,3.44,50.0,E342019,Distribuidora,765554.75,8996028.13,SE0119,CHIMBOTE,ELNM,-78.584165381,-9.07449810499998
20260213,20241231,21356689,"13,2 kV",440/220 V,7.73,0.0,250.0,E342278,Tercero,766705.68,8994658.66,SE0119,CHIMBOTE,ELNM,-78.573618185,-9.08680449600001
20260213,20241231,21355475,"13,2 kV",380/220 V,23.99,1.14,37.5,E342020,Distribuidora,765835.22,8996052.11,SE0119,CHIMBOTE,ELNM,-78.581616872,-9.074264524
20260213,20241231,21355477,"13,2 kV",220 V,79.07,0.0,125.0,E342021,Tercero,769349.46,8991413.86,SE0119,CHIMBOTE,ELNM,-78.549381463,-9.11596615500002
20260213,20241231,21355505,"13,2 kV",380/220 V,30.64,2.07,75.0,E342035,Distribuidora,765681.16,8996293.98,SE0119,CHIMBOTE,ELNM,-78.583032182,-9.07208802700001
20260213,20241231,21355513,"13,2 kV",380/220 V,12.01,1.24,37.5,E342040,Distribuidora,765092.5,8997770.23,SE0119,CHIMBOTE,ELNM,-78.588473166,-9.05878252700001
20260213,20241231,21355515,"13,2 kV",380/220 V,16.75,1.12,37.5,E342041,Distribuidora,765346.89,8997912.43,SE0119,CHIMBOTE,ELNM,-78.58616899,-9.05748221699997
20260213,20241231,21356751,"13,2 kV",220 V,12.24,0.0,37.5,E342311,Tercero,768370.03,8991188.55,SE0119,CHIMBOTE,ELNM,-78.558273181,-9.118062135
20260213,20241231,21355517,"13,2 kV",380/220 V,15.35,0.83,50.0,E342042,Distribuidora,765502.17,8998105.27,SE0119,CHIMBOTE,ELNM,-78.584768927,-9.05573021100003
20260213,20241231,21355519,"13,2 kV",380/220 V,15.03,1.18,50.0,E342043,Distribuidora,765245.46,8998208.0,SE0119,CHIMBOTE,ELNM,-78.587108947,-9.05481723499997
20260213,20241231,21355521,"13,2 kV",380/220 V,13.28,0.77,37.5,E342044,Distribuidora,765070.72,8998344.14,SE0119,CHIMBOTE,ELNM,-78.58870576,-9.05359740599999
20260213,20241231,21355523,"13,2 kV",380/220 V,34.1,1.89,75.0,E342045,Distribuidora,766501.18,8996714.4,SE0119,CHIMBOTE,ELNM,-78.575602352,-9.06823933300001
20260213,20241231,21355525,"13,2 kV",380/220 V,53.21,1.36,75.0,E342046,Distribuidora,766270.51,8996530.96,SE0119,CHIMBOTE,ELNM,-78.577688378,-9.06991097100001
20260213,20241231,21355527,"13,2 kV",380/220 V,34.1,2.26,75.0,E342047,Distribuidora,766300.26,8995587.99,SE0119,CHIMBOTE,ELNM,-78.577360698,-9.07843072100002
20260213,20241231,21355529,"13,2 kV",380/220 V,29.89,2.82,50.0,E342048,Distribuidora,766278.87,8995381.28,SE0119,CHIMBOTE,ELNM,-78.577542625,-9.08030003200003
20260213,20241231,21355531,"13,2 kV",380/220 V,19.7,2.24,75.0,E342049,Distribuidora,770196.94,8991692.83,SE0119,CHIMBOTE,ELNM,-78.541692971,-9.11339318900002
20260213,20241231,21355533,"13,2 kV",380/220 V,17.39,1.06,75.0,E342050,Distribuidora,770356.72,8991666.37,SE0119,CHIMBOTE,ELNM,-78.540238544,-9.11362247699998
20260213,20241231,21355535,"13,2 kV",380/220 V,21.8,2.1,37.5,E342051,Distribuidora,770522.54,8991227.9,SE0119,CHIMBOTE,ELNM,-78.538703687,-9.11757457200002
20260213,20241231,21355537,"13,2 kV",380/220 V,15.66,1.36,37.5,E342052,Distribuidora,770643.43,8991873.82,SE0119,CHIMBOTE,ELNM,-78.537644499,-9.11173019
20260213,20241231,21355539,"13,2 kV",220 V,7.47,0.0,100.0,E342054,Distribuidora,771433.28,8990560.98,SE0119,CHIMBOTE,ELNM,-78.530381325,-9.12354509400001
20260213,20241231,21355549,"13,2 kV",440/220 V,10.03,0.0,500.0,E342059,Tercero,774096.78,8989393.97,SE0119,CHIMBOTE,ELNM,-78.506090024,-9.13392526000001
20260213,20241231,21355551,"13,2 kV",380/220 V,50.44,1.89,75.0,E342060,Distribuidora,766289.69,8996802.16,SE0119,CHIMBOTE,ELNM,-78.577530443,-9.06745900200002
20260213,20241231,21355553,"13,2 kV",440/220 V,382.5,0.0,500.0,E342061,Tercero,767721.83,8992297.01,SE0119,CHIMBOTE,ELNM,-78.564234973,-9.10808472799999
20260213,20241231,21355563,"13,2 kV",440/220 V,360.36,0.0,500.0,E342067,Tercero,767803.29,8992575.84,SE0119,CHIMBOTE,ELNM,-78.563511375,-9.10556003699998
20260213,20241231,21355567,"13,2 kV",440/220 V,1.12,0.0,100.0,E342070,Tercero,766787.79,8997083.52,SE0119,CHIMBOTE,ELNM,-78.573019043,-9.06488634300001
20260213,20241231,21355587,"13,2 kV",380/220 V,17.89,0.0,25.0,E342081,Distribuidora,766918.56,8994210.39,SE0119,CHIMBOTE,ELNM,-78.57165538,-9.09084257500001
20260213,20241231,21355589,"13,2 kV",220 V,11.53,0.0,75.0,E342083,Distribuidora,770789.91,8990557.09,SE0119,CHIMBOTE,ELNM,-78.536231019,-9.12361995999998
20260213,20241231,21355591,"13,2 kV",440/220 V,739.2,0.0,1500.0,E342084,Tercero,768440.14,8991680.3,SE0119,CHIMBOTE,ELNM,-78.557665909,-9.11361402400001
20260213,20241231,21355617,"13,2 kV",380/220 V,11.92,2.07,50.0,E342099,Distribuidora,767899.53,8994769.21,SE0119,CHIMBOTE,ELNM,-78.562770512,-9.08573311499998
20260213,20241231,21355619,"13,2 kV",220 V,2.76,0.0,25.0,E342100,Tercero,773777.21,8987946.24,SE0119,CHIMBOTE,ELNM,-78.508904811,-9.147027509
20260213,20241231,21355621,"13,2 kV",220 V,20.13,0.0,160.0,E342101,Tercero,764746.8,8995808.52,SE0119,CHIMBOTE,ELNM,-78.591497837,-9.07653123300003
20260213,20241231,21355623,"13,2 kV",220 V,34.73,0.0,75.0,E342102,Tercero,764531.46,8995887.84,SE0119,CHIMBOTE,ELNM,-78.593460459,-9.07582732399999
20260213,20241231,21355625,"13,2 kV",380/220 V,11.25,3.42,37.5,E342103,Distribuidora,766071.15,8995370.83,SE0119,CHIMBOTE,ELNM,-78.579430553,-9.08040699600002
20260213,20241231,21355627,"13,2 kV",380/220 V,22.7,6.67,75.0,E342104,Distribuidora,766044.29,8995226.38,SE0119,CHIMBOTE,ELNM,-78.579665999,-9.08171399999998
20260213,20241231,21355629,"13,2 kV",380/220 V,15.36,2.33,75.0,E342105,Distribuidora,766203.0,8995335.49,SE0119,CHIMBOTE,ELNM,-78.578229646,-9.08071840999997
20260213,20241231,21355631,"13,2 kV",380/220 V,17.68,3.32,50.0,E342106,Distribuidora,766272.38,8995130.01,SE0119,CHIMBOTE,ELNM,-78.577586377,-9.08257112899997
20260213,20241231,21355633,"13,2 kV",380/220 V,27.03,0.9,75.0,E342107,Distribuidora,766608.36,8994569.96,SE0119,CHIMBOTE,ELNM,-78.574497623,-9.08761195199997
20260213,20241231,21355635,"13,2 kV",380/220 V,29.08,1.96,50.0,E342108,Distribuidora,766698.21,8994807.06,SE0119,CHIMBOTE,ELNM,-78.573695131,-9.08546387299998
20260213,20241231,21355637,"13,2 kV",380/220 V,38.8,5.38,75.0,E342109,Distribuidora,766931.68,8994377.6,SE0119,CHIMBOTE,ELNM,-78.571546279,-9.08933072500002
20260213,20241231,21355639,"13,2 kV",380/220 V,14.96,1.64,50.0,E342110,Distribuidora,766065.56,8995539.11,SE0119,CHIMBOTE,ELNM,-78.579491583,-9.07888659899999
20260213,20241231,21355641,"13,2 kV",380/220 V,25.68,1.97,75.0,E342111,Distribuidora,766095.88,8995650.26,SE0119,CHIMBOTE,ELNM,-78.579222659,-9.07788031600001
20260213,20241231,21355643,"13,2 kV",380/220 V,15.77,1.64,100.0,E342112,Distribuidora,767490.42,8994708.94,SE0119,CHIMBOTE,ELNM,-78.566486423,-9.08630259500001
20260213,20241231,21355645,"13,2 kV",380/220 V,25.24,1.69,75.0,E342113,Distribuidora,767152.23,8994904.55,SE0119,CHIMBOTE,ELNM,-78.569573147,-9.08455539400001
20260213,20241231,21355647,"13,2 kV",380/220 V,12.63,1.28,37.5,E342114,Distribuidora,767151.16,8994716.98,SE0119,CHIMBOTE,ELNM,-78.569571445,-9.08625050299997
20260213,20241231,21355649,"13,2 kV",380/220 V,14.81,2.42,50.0,E342115,Distribuidora,767281.19,8994838.77,SE0119,CHIMBOTE,ELNM,-78.568396645,-9.08514202600003
20260213,20241231,21355651,"13,2 kV",380/220 V,9.72,1.03,37.5,E342116,Distribuidora,767551.5,8994603.81,SE0119,CHIMBOTE,ELNM,-78.565924671,-9.08724893300001
20260213,20241231,21355653,"13,2 kV",380/220 V,15.3,1.24,37.5,E342117,Distribuidora,767515.11,8994489.2,SE0119,CHIMBOTE,ELNM,-78.566248532,-9.08828685200001
20260213,20241231,21355655,"13,2 kV",380/220 V,26.44,1.42,50.0,E342118,Distribuidora,767621.91,8994424.93,SE0119,CHIMBOTE,ELNM,-78.565273584,-9.08886116899998
20260213,20241231,21355657,"13,2 kV",380/220 V,11.46,1.58,50.0,E342119,Distribuidora,767635.45,8994541.99,SE0119,CHIMBOTE,ELNM,-78.565157627,-9.08780249599999
20260213,20241231,21355659,"13,2 kV",380/220 V,13.92,1.42,75.0,E342120,Distribuidora,767507.33,8994318.16,SE0119,CHIMBOTE,ELNM,-78.566308827,-9.08983298499999
20260213,20241231,21355661,"13,2 kV",380/220 V,17.44,5.92,50.0,E342121,Distribuidora,767253.34,8993877.16,SE0119,CHIMBOTE,ELNM,-78.568591207,-9.09383364000001
20260213,20241231,21355665,"13,2 kV",380/220 V,16.22,2.39,50.0,E342123,Distribuidora,767957.62,8994359.81,SE0119,CHIMBOTE,ELNM,-78.562217335,-9.08942925600002
20260213,20241231,21355675,"13,2 kV",220 V,16.01,1.62,75.0,E342128,Distribuidora,766529.07,8995784.47,SE0119,CHIMBOTE,ELNM,-78.575292338,-9.07664134100003
20260213,20241231,21355677,"13,2 kV",220 V,20.27,0.0,250.0,E342129,Tercero,768223.13,8992403.47,SE0119,CHIMBOTE,ELNM,-78.559683458,-9.10709213899997
20260213,20241231,21356429,"13,2 kV",380/220 V,1.0,1.0,125.0,E342135,Tercero,766334.47,8995914.3,SE0119,CHIMBOTE,ELNM,-78.577069472,-9.07547982099999
20260213,20241231,21356455,"13,2 kV",380/220 V,11.54,1.71,50.0,E342148,Distribuidora,765655.58,8997713.66,SE0119,CHIMBOTE,ELNM,-78.58335058,-9.05925997100002
20260213,20241231,21356457,"13,2 kV",380/220 V,11.17,1.42,50.0,E342149,Distribuidora,768048.07,8994466.22,SE0119,CHIMBOTE,ELNM,-78.561401474,-9.08846215099999
20260213,20241231,21356459,"13,2 kV",380/220 V,17.06,2.07,75.0,E342150,Distribuidora,768138.87,8994562.86,SE0119,CHIMBOTE,ELNM,-78.560581838,-9.08758331400003
20260213,20241231,21356461,"13,2 kV",380/220 V,14.51,0.71,37.5,E342151,Distribuidora,766437.82,8997343.21,SE0119,CHIMBOTE,ELNM,-78.57621652,-9.062560652
20260213,20241231,21356469,"13,2 kV",380/220 V,20.06,0.12,25.0,E342155,Distribuidora,772247.38,8990239.15,SE0119,CHIMBOTE,ELNM,-78.522958964,-9.12640293099997
20260213,20241231,21356487,"13,2 kV",220 V,765.0,0.0,1000.0,E342164,Tercero,767666.23,8992357.06,SE0119,CHIMBOTE,ELNM,-78.56474419,-9.10754544999998
20260213,20241231,21356489,"13,2 kV",220 V,14.56,1.18,100.0,E342167,Distribuidora,766021.69,8995885.84,SE0119,CHIMBOTE,ELNM,-78.579911461,-9.075755867
20260213,20241231,21356491,"13,2 kV",220 V,4.67,0.0,150.0,E342169,Distribuidora,766105.9,8995253.42,SE0119,CHIMBOTE,ELNM,-78.579107487,-9.08146592600002
20260213,20241231,21356493,"13,2 kV",220 V,8.48,0.0,150.0,E342170,Distribuidora,766314.95,8995083.01,SE0119,CHIMBOTE,ELNM,-78.57719648,-9.08299329499999
20260213,20241231,21356495,"13,2 kV",220 V,6.19,7.94,75.0,E342171,Distribuidora,766455.77,8994936.69,SE0119,CHIMBOTE,ELNM,-78.575907265,-9.084307072
20260213,20241231,21356497,"13,2 kV",220 V,0.64,10.77,150.0,E342172,Distribuidora,766760.87,8994587.78,SE0119,CHIMBOTE,ELNM,-78.573112085,-9.08744169200003
20260213,20241231,21356499,"13,2 kV",220 V,28.17,0.14,37.0,E342173,Distribuidora,767002.11,8994308.42,SE0119,CHIMBOTE,ELNM,-78.570901711,-9.08995163100002
20260213,20241231,21356503,"13,2 kV",220 V,90.8,4.2,100.0,E342176,Distribuidora,767734.47,8993540.73,SE0119,CHIMBOTE,ELNM,-78.564196147,-9.096844691
20260213,20241231,21356505,"13,2 kV",220 V,0.86,5.46,75.0,E342177,Distribuidora,767844.96,8993355.74,SE0119,CHIMBOTE,ELNM,-78.563180234,-9.09850969399997
20260213,20241231,21356507,"13,2 kV",380/220 V,0.76,0.0,50.0,E342179,Distribuidora,767453.96,8993706.16,SE0119,CHIMBOTE,ELNM,-78.566756701,-9.09536676699997
20260213,20241231,21356509,"13,2 kV",220 V,1.17,0.0,100.0,E342180,Distribuidora,767061.4,8994638.17,SE0119,CHIMBOTE,ELNM,-78.570382738,-9.08696813400002
20260213,20241231,21356513,"13,2 kV",380/220 V,17.58,0.67,50.0,E342187,Distribuidora,765339.58,8996596.36,SE0119,CHIMBOTE,ELNM,-78.586155994,-9.06937595599999
20260213,20241231,21356515,"13,2 kV",380/220 V,48.7,0.0,160.0,E342188,Distribuidora,772685.62,8989998.98,SE0119,CHIMBOTE,ELNM,-78.518959199,-9.12854603099998
20260213,20241231,21356517,"13,2 kV",380/220 V,21.15,0.0,50.0,E342189,Distribuidora,773514.05,8990138.37,SE0119,CHIMBOTE,ELNM,-78.511435317,-9.127234902
20260213,20241231,21356519,"13,2 kV",440/220 V,535.5,0.0,700.0,E342190,Tercero,767773.62,8992146.45,SE0119,CHIMBOTE,ELNM,-78.563754853,-9.10944215799998
20260213,20241231,21356533,"13,2 kV",440/220 V,189.93,0.0,1250.0,E342197,Tercero,768057.52,8992045.37,SE0119,CHIMBOTE,ELNM,-78.561167299,-9.11033830600002
20260213,20241231,21356535,"13,2 kV",440/220 V,97.83,0.0,1250.0,E342198,Tercero,768065.49,8992042.36,SE0119,CHIMBOTE,ELNM,-78.561094647,-9.11036502100001
20260213,20241231,21356541,"13,2 kV",220 V,26.54,1.65,150.0,E342201,Distribuidora,765213.21,8996036.76,SE0119,CHIMBOTE,ELNM,-78.587271104,-9.07444063999998
20260213,20241231,21356543,"13,2 kV",380/220 V,7.65,0.0,10.0,E342202,Tercero,769879.88,9005803.8,SE0119,CHIMBOTE,ELNM,-78.545440918,-8.98589590099999
20260213,20241231,21356545,"13,2 kV",380/220 V,1.0,1.0,10.0,E342203,Tercero,771005.29,9007108.96,SE0119,CHIMBOTE,ELNM,-78.535291506,-8.97403335500002
20260213,20241231,21356547,"13,2 kV",380/220 V,1.0,1.0,10.0,E342204,Tercero,771488.89,9008804.45,SE0119,CHIMBOTE,ELNM,-78.53099968,-8.95868242699999
20260213,20241231,21356549,"13,2 kV",380/220 V,1.0,1.0,10.0,E342205,Tercero,771064.83,9009630.09,SE0119,CHIMBOTE,ELNM,-78.534904038,-8.95124708600002
20260213,20241231,21356551,"13,2 kV",380/220 V,1.0,1.0,10.0,E342206,Tercero,771636.45,9007154.07,SE0119,CHIMBOTE,ELNM,-78.529557725,-8.973587372
20260213,20241231,21356553,"13,2 kV",380/220 V,1.0,1.0,10.0,E342207,Tercero,772255.33,9007780.28,SE0119,CHIMBOTE,ELNM,-78.523971203,-8.96789088000003
20260213,20241231,21356555,"13,2 kV",380/220 V,1.0,1.0,10.0,E342208,Tercero,772694.02,9008346.87,SE0119,CHIMBOTE,ELNM,-78.520018855,-8.96274410000001
20260213,20241231,21356565,"13,2 kV",220 V,12.24,0.0,20.0,E342213,Tercero,764337.02,8998843.34,SE0119,CHIMBOTE,ELNM,-78.595406015,-9.04912998600003
20260213,20241231,21356581,"13,2 kV",220 V,38.18,0.07,50.0,E342221,Distribuidora,771340.13,8990931.84,SE0119,CHIMBOTE,ELNM,-78.531251352,-9.12019954300001
20260213,20241231,21356583,"13,2 kV",380/220 V,4.89,0.0,75.0,E342222,Distribuidora,771208.09,8990897.03,SE0119,CHIMBOTE,ELNM,-78.53244977,-9.12052225899998
20260213,20241231,21356585,"13,2 kV",220 V,16.37,0.0,100.0,E342223,Distribuidora,767897.32,8991524.13,SE0119,CHIMBOTE,ELNM,-78.562591967,-9.11505840799998
20260213,20241231,21356587,"13,2 kV",220 V,4.77,0.06,50.0,E342224,Distribuidora,766764.79,8997919.04,SE0119,CHIMBOTE,ELNM,-78.573278845,-9.05733722299999
20260213,20241231,21355361,"13,2 kV",220 V,0.2,0.0,15.0,E341733,Tercero,770256.1,8991072.06,SE0119,CHIMBOTE,ELNM,-78.54111666,-9.11899923599998
20260213,20241231,21355381,"13,2 kV",380/220 V,28.66,1.12,37.5,E341088,Distribuidora,773363.04,8989249.65,SE0119,CHIMBOTE,ELNM,-78.512752684,-9.135275181
20260213,20241231,21355383,"13,2 kV",380/220 V,17.05,2.18,37.5,E340424,Distribuidora,769589.8,8990791.38,SE0119,CHIMBOTE,ELNM,-78.547157734,-9.12157658199999
20260213,20241231,21355385,"13,2 kV",380/220 V,28.09,2.73,75.0,E340223,Distribuidora,765909.18,8997821.53,SE0119,CHIMBOTE,ELNM,-78.581051535,-9.05826991800001
20260213,20241231,21355387,"13,2 kV",220 V,7.97,0.0,2000.0,E340136,Tercero,767656.74,8992355.33,SE0119,CHIMBOTE,ELNM,-78.564830371,-9.10756166099998
20260213,20241231,21355403,"13,2 kV",440/220 V,3.56,0.0,1250.0,E341983,Tercero,767874.35,8991950.08,SE0119,CHIMBOTE,ELNM,-78.562826934,-9.11121058200001
20260213,20241231,21352741,"13,2 kV",440/220 V,24.34,0.0,1000.0,E340139,Tercero,767828.48,8993483.01,SE0119,CHIMBOTE,ELNM,-78.56333786,-9.09736058099998
20260213,20241231,21352743,"13,2 kV",380/220 V,28.31,0.0,37.0,E340620,Tercero,772577.96,8998949.09,SE0119,CHIMBOTE,ELNM,-78.520494748,-9.04767484600001
20260213,20241231,21352745,"13,2 kV",440/220 V,41.26,0.0,125.0,E340057,Tercero,766007.4,8997245.25,SE0119,CHIMBOTE,ELNM,-78.580123717,-9.06347182299999
20260213,20241231,21352747,"13,2 kV",440/220 V,37.85,0.0,160.0,E340047,Tercero,765756.57,8994890.04,SE0119,CHIMBOTE,ELNM,-78.582261541,-9.08477082399997
20260213,20241231,21352749,"13,2 kV",220 V,3.75,0.0,250.0,E340049,Tercero,765769.36,8995344.23,SE0119,CHIMBOTE,ELNM,-78.582172779,-9.08066556300003
20260213,20241231,21352751,"13,2 kV",440/220 V,1.0,1.0,75.0,E341225,Tercero,768610.41,8997249.87,SE0119,CHIMBOTE,ELNM,-78.556459083,-9.06327270999998
20260213,20241231,21352755,"13,2 kV",220 V,24.04,0.0,160.0,E340571,Tercero,772222.96,8990095.53,SE0119,CHIMBOTE,ELNM,-78.523172046,-9.12770227099998
20260213,20241231,21352757,"13,2 kV",220 V,19.23,0.0,25.0,E340574,Tercero,770690.55,8990677.83,SE0119,CHIMBOTE,ELNM,-78.537141954,-9.122535003
20260213,20241231,21352759,"13,2 kV",220 V,38.25,0.0,50.0,E340578,Tercero,768996.75,8992227.88,SE0119,CHIMBOTE,ELNM,-78.552638606,-9.10863167299999
20260213,20241231,21352761,"13,2 kV",220 V,1.0,1.0,25.0,E340576,Tercero,770576.49,8990774.11,SE0119,CHIMBOTE,ELNM,-78.538185028,-9.12167198399999
20260213,20241231,21352767,"13,2 kV",220 V,37.13,2.3,50.0,E340434,Distribuidora,772369.8,8990577.38,SE0119,CHIMBOTE,ELNM,-78.521866951,-9.123338918
20260213,20241231,21352769,"13,2 kV",220 V,42.02,6.5,150.0,E340433,Distribuidora,772238.44,8990696.95,SE0119,CHIMBOTE,ELNM,-78.523068807,-9.12226656500002
20260213,20241231,21352771,"13,2 kV",380/220 V,14.3,1.06,50.0,E340921,Distribuidora,774075.6,8989687.99,SE0119,CHIMBOTE,ELNM,-78.506301088,-9.13126969899997
20260213,20241231,21352773,"13,2 kV",440/220 V,1.0,1.0,1000.0,E340110,Tercero,767865.57,8991670.04,SE0119,CHIMBOTE,ELNM,-78.562889603,-9.11374178300002
20260213,20241231,21352775,"13,2 kV",220 V,989.4,0.0,1000.0,E340149,Tercero,767594.35,8992221.93,SE0119,CHIMBOTE,ELNM,-78.565389486,-9.10877096799999
20260213,20241231,21352777,"13,2 kV",220 V,57.24,6.61,150.0,E340353,Distribuidora,764951.37,8996469.08,SE0119,CHIMBOTE,ELNM,-78.589677785,-9.070549481
20260213,20241231,21352781,"13,2 kV",220 V,38.25,0.0,50.0,E340277,Distribuidora,764058.59,8995920.49,SE0119,CHIMBOTE,ELNM,-78.597761693,-9.075560569
20260213,20241231,21352785,"13,2 kV",220 V,61.04,7.15,100.0,E340447,Distribuidora,771521.07,8990572.29,SE0119,CHIMBOTE,ELNM,-78.529583787,-9.12343746400001
20260213,20241231,21352789,"13,2 kV",380/220 V,9.01,1.95,75.0,E341092,Distribuidora,769599.77,8990554.02,SE0119,CHIMBOTE,ELNM,-78.547052421,-9.12372091899999
20260213,20241231,21352793,"13,2 kV",220 V,91.07,1.0,160.0,E340332,Tercero,762707.41,8996157.58,SE0119,CHIMBOTE,ELNM,-78.610060694,-9.073498551
20260213,20241231,21352797,"13,2 kV",220 V,0.88,0.0,25.0,E340144,Tercero,768253.43,8991667.47,SE0119,CHIMBOTE,ELNM,-78.559362794,-9.113741361
20260213,20241231,21352799,"13,2 kV",220 V,19.13,0.0,25.0,E340980,Tercero,768187.11,8992804.73,SE0119,CHIMBOTE,ELNM,-78.560035569,-9.10346823399999
20260213,20241231,21352801,"13,2 kV",220 V,11.87,0.0,50.0,E340151,Tercero,765612.38,8996916.74,SE0119,CHIMBOTE,ELNM,-78.583695169,-9.06646430400002
20260213,20241231,21352805,"13,2 kV",220 V,54.83,1.0,160.0,E340321,Tercero,762974.09,8996060.13,SE0119,CHIMBOTE,ELNM,-78.60763023,-9.07436334800002
20260213,20241231,21352807,"13,2 kV",220 V,6.82,0.0,1170.0,E340058,Tercero,766336.02,8994425.38,SE0119,CHIMBOTE,ELNM,-78.576964959,-9.08893496600001
20260213,20241231,21352833,"13,2 kV",380/220 V,29.92,6.49,160.0,E340343,Distribuidora,764551.09,8997056.1,SE0119,CHIMBOTE,ELNM,-78.593352364,-9.06526855099997
20260213,20241231,21352835,"13,2 kV",220 V,39.22,8.7,100.0,E340364,Distribuidora,765719.97,8996992.18,SE0119,CHIMBOTE,ELNM,-78.582721572,-9.065776089
20260213,20241231,21352837,"13,2 kV",220 V,43.68,7.7,175.0,E340366,Distribuidora,765264.27,8996194.07,SE0119,CHIMBOTE,ELNM,-78.586816384,-9.07301596600001
20260213,20241231,21352841,"13,2 kV",220 V,20.9,4.84,50.0,E340361,Distribuidora,765445.37,8996537.72,SE0119,CHIMBOTE,ELNM,-78.585190646,-9.06989952999999
20260213,20241231,21352843,"13,2 kV",380/220 V,23.34,4.97,37.0,E340494,Distribuidora,773095.36,8991984.55,SE0119,CHIMBOTE,ELNM,-78.515357741,-9.11057800899999
20260213,20241231,21352847,"13,2 kV",380/220 V,15.45,1.57,75.0,E340610,Distribuidora,770078.63,8990416.18,SE0119,CHIMBOTE,ELNM,-78.542689748,-9.12493711100001
20260213,20241231,21352849,"13,2 kV",380/220 V,30.81,2.15,50.0,E340555,Distribuidora,773297.51,8989830.53,SE0119,CHIMBOTE,ELNM,-78.513384942,-9.13003017
20260213,20241231,21352851,"13,2 kV",380/220 V,52.49,4.89,75.0,E340130,Distribuidora,766704.21,8996268.56,SE0119,CHIMBOTE,ELNM,-78.573729423,-9.072256095
20260213,20241231,21352853,"13,2 kV",220 V,271.18,0.0,410.0,E340936,Tercero,766699.81,8994317.64,SE0119,CHIMBOTE,ELNM,-78.573650803,-9.08988660900002
20260213,20241231,21352859,"13,2 kV",380/220 V,111.6,0.0,830.0,E340046,Tercero,765954.7,8995136.82,SE0119,CHIMBOTE,ELNM,-78.580475112,-9.08252874800002
20260213,20241231,21352861,"13,2 kV",440/220 V,44.6,0.0,100.0,E340947,Tercero,766306.17,8997591.66,SE0119,CHIMBOTE,ELNM,-78.577428454,-9.06032335800001
20260213,20241231,21352863,"13,2 kV",440/220 V,76.5,0.0,100.0,E340034,Tercero,766927.14,8997387.34,SE0119,CHIMBOTE,ELNM,-78.571770604,-9.06213234500001
20260213,20241231,21352865,"13,2 kV",440/220 V,1.0,1.0,100.0,E340035,Tercero,767296.7,8997247.0,SE0119,CHIMBOTE,ELNM,-78.568402272,-9.06337825600002
20260213,20241231,21352867,"13,2 kV",220 V,21.27,0.94,50.0,E340911,Distribuidora,766968.3,8995674.94,SE0119,CHIMBOTE,ELNM,-78.571292312,-9.07760461200002
20260213,20241231,21352869,"13,2 kV",380/220 V,12.38,0.0,15.0,E340112,Tercero,768257.65,8991919.74,SE0119,CHIMBOTE,ELNM,-78.559339908,-9.11146139599998
20260213,20241231,21352871,"13,2 kV",380/220 V,4.8,0.0,640.0,E340113,Tercero,768315.79,8992193.27,SE0119,CHIMBOTE,ELNM,-78.558828057,-9.10898601999997
20260213,20241231,21352873,"13,2 kV",220 V,15.62,0.0,50.0,E340116,Tercero,767052.55,8994081.5,SE0119,CHIMBOTE,ELNM,-78.570429276,-9.09199922099998
20260213,20241231,21352875,"13,2 kV",380/220 V,1.0,1.0,75.0,E340036,Tercero,767511.95,8997437.5,SE0119,CHIMBOTE,ELNM,-78.56645695,-9.06164371900002
20260213,20241231,21352879,"13,2 kV",220 V,62.73,0.0,82.0,E341055,Tercero,762204.83,8999768.44,SE0119,CHIMBOTE,ELNM,-78.614845377,-9.04089644200002
20260213,20241231,21352881,"13,2 kV",220 V,8.3,0.0,50.0,E341062,Tercero,770943.16,8990806.24,SE0119,CHIMBOTE,ELNM,-78.534853031,-9.12135903799998
20260213,20241231,21352883,"13,2 kV",220 V,20.12,1.0,50.0,E341035,Tercero,764187.59,8996319.34,SE0119,CHIMBOTE,ELNM,-78.596612845,-9.07194842600001
20260213,20241231,21352885,"13,2 kV",380/220 V,28.07,3.22,50.0,E340616,Distribuidora,774097.07,8988574.33,SE0119,CHIMBOTE,ELNM,-78.506035837,-9.141331837
20260213,20241231,21352887,"13,2 kV",440/220 V,1.0,1.0,125.0,E341226,Tercero,768140.02,8998205.83,SE0119,CHIMBOTE,ELNM,-78.56079383,-9.05466242799997
20260213,20241231,21352889,"13,2 kV",380/220 V,7.06,8.24,37.5,E340902,Distribuidora,765735.77,8997078.49,SE0119,CHIMBOTE,ELNM,-78.582583146,-9.06499516000002
20260213,20241231,21352891,"13,2 kV",220 V,4.75,0.0,500.0,E340038,Tercero,766574.87,8994525.75,SE0119,CHIMBOTE,ELNM,-78.574799426,-9.08801349800001
20260213,20241231,21352893,"13,2 kV",380/220 V,258.48,0.0,1000.0,E340039,Tercero,766678.93,8994362.05,SE0119,CHIMBOTE,ELNM,-78.573843348,-9.08948654400001
20260213,20241231,21352895,"13,2 kV",440/220 V,1.0,0.0,60.0,E340977,Tercero,768307.49,8991905.81,SE0119,CHIMBOTE,ELNM,-78.558885882,-9.11158423799998
20260213,20241231,21352905,"13,2 kV",380/220 V,26.83,2.01,50.0,E341157,Distribuidora,773856.36,8987945.52,SE0119,CHIMBOTE,ELNM,-78.508185049,-9.14702906799999
20260213,20241231,21352907,"13,2 kV",380/220 V,35.55,3.73,250.0,E340488,Distribuidora,773738.17,8992010.62,SE0119,CHIMBOTE,ELNM,-78.509514834,-9.110302472
20260213,20241231,21352909,"13,2 kV",380/220 V,59.77,8.13,100.0,E340450,Distribuidora,771867.64,8990609.1,SE0119,CHIMBOTE,ELNM,-78.526434855,-9.12308338999998
20260213,20241231,21352915,"13,2 kV",220 V,99.09,0.0,200.0,E340973,Tercero,768304.71,8992640.52,SE0119,CHIMBOTE,ELNM,-78.558956241,-9.10494499700002
20260213,20241231,21352917,"13,2 kV",380/220 V,102.0,0.0,400.0,E341127,Tercero,773447.96,8990789.61,SE0119,CHIMBOTE,ELNM,-78.512077046,-9.12135412200001
20260213,20241231,21352927,"13,2 kV",380/220 V,9.87,0.71,50.0,E340299,Distribuidora,765254.84,8998009.7,SE0119,CHIMBOTE,ELNM,-78.587011714,-9.056608708
20260213,20241231,21352929,"13,2 kV",380/220 V,40.32,2.39,75.0,E340538,Distribuidora,772897.82,8990578.02,SE0119,CHIMBOTE,ELNM,-78.517065946,-9.12330035999997
20260213,20241231,21352931,"13,2 kV",440/220 V,1.0,1.0,1000.0,E340111,Tercero,767795.61,8991728.68,SE0119,CHIMBOTE,ELNM,-78.563529315,-9.113216126
20260213,20241231,21352933,"13,2 kV",380/220 V,39.47,6.74,200.0,E340489,Distribuidora,773846.36,8991778.44,SE0119,CHIMBOTE,ELNM,-78.50851661,-9.11239381600001
20260213,20241231,21352935,"13,2 kV",380/220 V,27.95,2.07,75.0,E340124,Distribuidora,766448.29,8996943.77,SE0119,CHIMBOTE,ELNM,-78.576097115,-9.066169726
20260213,20241231,21352937,"13,2 kV",220 V,21.92,0.94,50.0,E340164,Distribuidora,767009.56,8995467.69,SE0119,CHIMBOTE,ELNM,-78.570904575,-9.07947500900002
20260213,20241231,21352947,"13,2 kV",380/220 V,19.68,5.07,100.0,E340622,Distribuidora,768788.34,9004319.66,SE0119,CHIMBOTE,ELNM,-78.555272233,-8.99937370100002
20260213,20241231,21352949,"13,2 kV",380/220 V,1.0,1.0,37.5,E340908,Distribuidora,766958.39,8993723.36,SE0119,CHIMBOTE,ELNM,-78.57126356,-9.09524138900002
20260213,20241231,21352951,"13,2 kV",380/220 V,19.36,2.36,50.0,E340611,Distribuidora,770362.48,8990413.73,SE0119,CHIMBOTE,ELNM,-78.540108623,-9.12494178499998
20260213,20241231,21353583,"13,2 kV",380/220 V,53.49,1.12,75.0,E340171,Distribuidora,766105.78,8996441.91,SE0119,CHIMBOTE,ELNM,-78.579180641,-9.07072563399998
20260213,20241231,21353587,"13,2 kV",440/220 V,46.28,0.0,75.0,E340033,Tercero,766552.46,8997262.8,SE0119,CHIMBOTE,ELNM,-78.575169406,-9.06328040099999
20260213,20241231,21353589,"13,2 kV",220 V,13.74,0.0,50.0,E340117,Tercero,766452.19,8995188.23,SE0119,CHIMBOTE,ELNM,-78.575955099,-9.08203414600001
20260213,20241231,21353591,"13,2 kV",220 V,4.54,0.0,37.5,E340979,Tercero,767882.06,8993561.21,SE0119,CHIMBOTE,ELNM,-78.562855485,-9.09665064500001
20260213,20241231,21353593,"13,2 kV",440/220 V,3.39,1.0,25.0,E340626,Distribuidora,769312.39,9004487.76,SE0119,CHIMBOTE,ELNM,-78.550519022,-8.997822961
20260213,20241231,21353601,"13,2 kV",380/220 V,22.26,1.83,75.0,E340496,Distribuidora,770600.35,8991620.97,SE0119,CHIMBOTE,ELNM,-78.538020543,-9.11401775399997
20260213,20241231,21353605,"13,2 kV",440/220 V,68.64,0.0,125.0,E340054,Tercero,765585.96,8997425.3,SE0119,CHIMBOTE,ELNM,-78.583966102,-9.06187005200002
20260213,20241231,21352973,"13,2 kV",220 V,22.5,3.79,50.0,E340484,Distribuidora,769937.44,8990730.12,SE0119,CHIMBOTE,ELNM,-78.543992967,-9.12210882099998
20260213,20241231,21352985,"13,2 kV",220 V,7.97,2.07,75.0,E340932,Distribuidora,770640.13,9004698.96,SE0119,CHIMBOTE,ELNM,-78.538463354,-8.99583394000001
20260213,20241231,21352987,"13,2 kV",220 V,8.0,1.12,100.0,E340931,Distribuidora,770394.3,9004516.8,SE0119,CHIMBOTE,ELNM,-78.5406867,-8.99749499299998
20260213,20241231,21352989,"13,2 kV",440/220 V,11.25,0.12,37.5,E341754,Distribuidora,771461.74,8990149.27,SE0119,CHIMBOTE,ELNM,-78.530096939,-9.127263782
20260213,20241231,21352995,"13,2 kV",380/220 V,15.39,2.41,37.5,E341770,Distribuidora,766650.42,8999127.17,SE0119,CHIMBOTE,ELNM,-78.574391811,-9.04642635599998
20260213,20241231,21353003,"13,2 kV",380/220 V,19.19,2.24,75.0,E341766,Distribuidora,770504.92,8992039.1,SE0119,CHIMBOTE,ELNM,-78.538914113,-9.110245136
20260213,20241231,21353615,"13,2 kV",380/220 V,31.4,1.98,50.0,E341081,Distribuidora,774161.45,8988811.31,SE0119,CHIMBOTE,ELNM,-78.505465348,-9.13918636599999
20260213,20241231,21353617,"13,2 kV",440/220 V,62.01,0.0,125.0,E340255,Tercero,767744.5,8997799.35,SE0119,CHIMBOTE,ELNM,-78.564364802,-9.058359666
20260213,20241231,21353621,"13,2 kV",380/220 V,21.35,1.59,50.0,E341152,Distribuidora,774590.31,8988313.08,SE0119,CHIMBOTE,ELNM,-78.501534389,-9.14366171799998
20260213,20241231,21353627,"13,2 kV",440/220 V,1.0,1.0,2750.0,E340981,Tercero,767809.82,8991801.76,SE0119,CHIMBOTE,ELNM,-78.563404587,-9.11255485100003
20260213,20241231,21353629,"13,2 kV",220 V,31.57,1.77,75.0,E340003,Distribuidora,765392.8,8995422.57,SE0119,CHIMBOTE,ELNM,-78.585601167,-9.07998026899998
20260213,20241231,21353631,"13,2 kV",220 V,22.53,3.19,75.0,E341182,Distribuidora,764613.04,8999406.61,SE0119,CHIMBOTE,ELNM,-78.592930514,-9.04402321100002
20260213,20241231,21353633,"13,2 kV",220 V,114.25,0.0,200.0,E340050,Tercero,765620.13,8995412.62,SE0119,CHIMBOTE,ELNM,-78.583533705,-9.08005651000002
20260213,20241231,21353635,"13,2 kV",220 V,133.88,0.0,175.0,E340148,Tercero,767721.31,8992290.04,SE0119,CHIMBOTE,ELNM,-78.564239274,-9.10814774599999
20260213,20241231,21353637,"13,2 kV",380/220 V,31.73,2.3,50.0,E340238,Distribuidora,766619.78,8998592.05,SE0119,CHIMBOTE,ELNM,-78.574637951,-9.051264033
20260213,20241231,21353639,"13,2 kV",440/220 V,267.75,0.0,350.0,E340329,Tercero,763709.41,8995859.11,SE0119,CHIMBOTE,ELNM,-78.600932708,-9.07613613199999
20260213,20241231,21353641,"13,2 kV",220 V,327.96,0.0,1250.0,E340103,Tercero,768122.11,8992545.23,SE0119,CHIMBOTE,ELNM,-78.560610664,-9.10581724100001
20260213,20241231,21353643,"13,2 kV",220 V,12.22,0.0,500.0,E341165,Tercero,768076.32,8991426.41,SE0119,CHIMBOTE,ELNM,-78.560958391,-9.11593057099998
20260213,20241231,21353645,"13,2 kV",440/220 V,249.12,0.0,600.0,E340501,Tercero,769148.07,8991219.54,SE0119,CHIMBOTE,ELNM,-78.551200643,-9.11773450599998
20260213,20241231,21353647,"13,2 kV",380/220 V,37.62,2.24,50.0,E341158,Distribuidora,774006.32,8987801.67,SE0119,CHIMBOTE,ELNM,-78.506812399,-9.148319577
20260213,20241231,21353009,"13,2 kV",380/220 V,13.33,1.06,25.0,E341767,Distribuidora,766711.45,8996614.79,SE0119,CHIMBOTE,ELNM,-78.573684628,-9.06912681300003
20260213,20241231,21353011,"13,2 kV",380/220 V,53.17,3.83,100.0,E341156,Distribuidora,773754.96,8988118.16,SE0119,CHIMBOTE,ELNM,-78.509117941,-9.14547535899999
20260213,20241231,21353015,"13,2 kV",220 V,27.44,9.5,150.0,E340462,Distribuidora,770972.17,8990937.92,SE0119,CHIMBOTE,ELNM,-78.534597427,-9.12016730900001
20260213,20241231,21353017,"13,2 kV",380/220 V,191.25,0.0,250.0,E341635,Tercero,768922.5,9004144.16,SE0119,CHIMBOTE,ELNM,-78.554042103,-9.00095155999998
20260213,20241231,21353019,"13,2 kV",380/220 V,33.25,3.05,75.0,E340073,Distribuidora,765799.71,8996486.24,SE0119,CHIMBOTE,ELNM,-78.581966001,-9.07034345099999
20260213,20241231,21353021,"13,2 kV",440/220 V,36.47,3.35,75.0,E340454,Distribuidora,771641.19,8990983.66,SE0119,CHIMBOTE,ELNM,-78.528517176,-9.119712666
20260213,20241231,21353023,"13,2 kV",380/220 V,38.2,1.9,75.0,E340370,Distribuidora,766414.17,8995423.28,SE0119,CHIMBOTE,ELNM,-78.576315049,-9.07991231599999
20260213,20241231,21353033,"13,2 kV",380/220 V,47.96,6.62,75.0,E340451,Distribuidora,771933.06,8990628.89,SE0119,CHIMBOTE,ELNM,-78.525841251,-9.122900507
20260213,20241231,21353035,"13,2 kV",220 V,62.84,7.26,150.0,E340446,Distribuidora,771673.61,8990403.08,SE0119,CHIMBOTE,ELNM,-78.528186268,-9.12495710799999
20260213,20241231,21353037,"13,2 kV",380/220 V,71.34,5.77,160.0,E340567,Distribuidora,772717.51,8989819.49,SE0119,CHIMBOTE,ELNM,-78.518658012,-9.13016600999998
20260213,20241231,21353043,"13,2 kV",220 V,67.55,2.59,75.0,E340537,Distribuidora,772552.09,8990532.91,SE0119,CHIMBOTE,ELNM,-78.520206693,-9.12372946400001
20260213,20241231,21353659,"13,2 kV",220 V,0.71,0.0,125.0,E340570,Tercero,772458.64,8989589.52,SE0119,CHIMBOTE,ELNM,-78.520997478,-9.13226021399998
20260213,20241231,21353671,"13,2 kV",220 V,28.37,2.66,150.0,E340028,Distribuidora,765157.43,8995589.41,SE0119,CHIMBOTE,ELNM,-78.587751214,-9.07848668499997
20260213,20241231,21353677,"13,2 kV",220 V,38.4,1.75,50.0,E340163,Distribuidora,766883.32,8995606.27,SE0119,CHIMBOTE,ELNM,-78.572060752,-9.07823031300001
20260213,20241231,21353045,"13,2 kV",220 V,82.2,0.0,125.0,E341753,Tercero,764564.77,8995901.56,SE0119,CHIMBOTE,ELNM,-78.593158436,-9.07570134000002
20260213,20241231,21353047,"13,2 kV",220 V,10.34,0.59,100.0,E340437,Distribuidora,772710.75,8990698.03,SE0119,CHIMBOTE,ELNM,-78.518774383,-9.12222750900003
20260213,20241231,21353051,"13,2 kV",380/220 V,58.0,6.23,150.0,E340491,Distribuidora,773514.02,8991421.64,SE0119,CHIMBOTE,ELNM,-78.511515979,-9.11563870399999
20260213,20241231,21353053,"13,2 kV",220 V,14.83,1.49,100.0,E340428,Distribuidora,773310.23,8991557.95,SE0119,CHIMBOTE,ELNM,-78.513377426,-9.11441961899999
20260213,20241231,21353055,"13,2 kV",380/220 V,42.9,2.24,75.0,E340473,Distribuidora,770098.73,8991418.73,SE0119,CHIMBOTE,ELNM,-78.542568997,-9.11587617200001
20260213,20241231,21353057,"13,2 kV",380/220 V,29.87,2.54,75.0,E340076,Distribuidora,766069.72,8996129.76,SE0119,CHIMBOTE,ELNM,-78.57948957,-9.07354868499999
20260213,20241231,21353059,"13,2 kV",220 V,19.0,0.0,50.0,E341063,Tercero,767661.44,8993655.25,SE0119,CHIMBOTE,ELNM,-78.564867149,-9.09581423200001
20260213,20241231,21353065,"13,2 kV",380/220 V,13.11,2.54,75.0,E340499,Distribuidora,770800.99,8991913.07,SE0119,CHIMBOTE,ELNM,-78.536214337,-9.111365804
20260213,20241231,21353069,"13,2 kV",220 V,21.94,4.81,40.0,E340067,Distribuidora,765985.03,8996967.16,SE0119,CHIMBOTE,ELNM,-78.580310261,-9.06598625200002
20260213,20241231,21353071,"13,2 kV",220 V,79.78,0.0,125.0,E340052,Tercero,765585.13,8995359.4,SE0119,CHIMBOTE,ELNM,-78.583848699,-9.08053956399999
20260213,20241231,21353695,"13,2 kV",380/220 V,18.63,1.91,25.0,E340493,Distribuidora,773323.33,8991202.15,SE0119,CHIMBOTE,ELNM,-78.513236058,-9.11763397700003
20260213,20241231,21353701,"13,2 kV",380/220 V,21.42,0.0,75.0,E341888,Tercero,771282.6,8990741.5,SE0119,CHIMBOTE,ELNM,-78.53176262,-9.12192311899997
20260213,20241231,21353707,"13,2 kV",380/220 V,7.28,1.42,37.5,E341763,Distribuidora,770858.94,8991431.35,SE0119,CHIMBOTE,ELNM,-78.535657578,-9.11571535399997
20260213,20241231,21353715,"13,2 kV",220 V,14.0,1.0,75.0,E341764,Tercero,763639.09,8995945.65,SE0119,CHIMBOTE,ELNM,-78.601577249,-9.075358263
20260213,20241231,21353717,"13,2 kV",220 V,1.0,1.0,200.0,E341720,Tercero,768266.66,8991895.15,SE0119,CHIMBOTE,ELNM,-78.559256475,-9.11168306100001
20260213,20241231,21353729,"13,2 kV",220 V,34.78,0.0,75.0,E341743,Tercero,765075.2,8997215.48,SE0119,CHIMBOTE,ELNM,-78.588596997,-9.06379683900002
20260213,20241231,21353731,"13,2 kV",220 V,14.06,1.0,125.0,E341956,Tercero,764530.19,8996121.39,SE0119,CHIMBOTE,ELNM,-78.593486081,-9.07371680300002
20260213,20241231,21353733,"13,2 kV",220 V,24.34,1.78,50.0,E341742,Distribuidora,773004.99,8990727.97,SE0119,CHIMBOTE,ELNM,-78.516100878,-9.12193868000003
20260213,20241231,21353751,"13,2 kV",380/220 V,7.52,1.0,30.0,E341721,Distribuidora,767128.8,8999112.79,SE0119,CHIMBOTE,ELNM,-78.570042002,-9.04652748699999
20260213,20241231,21353757,"13,2 kV",380/220 V,27.34,2.24,50.0,E341707,Distribuidora,772331.31,8989513.96,SE0119,CHIMBOTE,ELNM,-78.522150543,-9.13295091700002
20260213,20241231,21353759,"13,2 kV",380/220 V,25.75,1.24,50.0,E341690,Distribuidora,767510.01,8993466.93,SE0119,CHIMBOTE,ELNM,-78.56623247,-9.09752524599998
20260213,20241231,21353761,"13,2 kV",380/220 V,22.56,1.45,25.0,E341691,Distribuidora,772741.2,8990954.4,SE0119,CHIMBOTE,ELNM,-78.51851353,-9.11990893199999
20260213,20241231,21353773,"13,2 kV",380/220 V,6.85,0.41,37.5,E341687,Distribuidora,767494.29,8992762.07,SE0119,CHIMBOTE,ELNM,-78.566332317,-9.10389590099999
20260213,20241231,21353775,"13,2 kV",380/220 V,10.13,1.12,37.5,E341688,Distribuidora,767529.92,8992697.6,SE0119,CHIMBOTE,ELNM,-78.566004413,-9.10447634000002
20260213,20241231,21353777,"13,2 kV",380/220 V,10.59,1.42,25.0,E341689,Distribuidora,767948.54,8992716.93,SE0119,CHIMBOTE,ELNM,-78.562199348,-9.10427619400002
20260213,20241231,21353799,"13,2 kV",380/220 V,23.58,1.48,37.5,E341703,Distribuidora,765643.47,8997438.32,SE0119,CHIMBOTE,ELNM,-78.58344404,-9.06174893600001
20260213,20241231,21353803,"13,2 kV",380/220 V,11.04,1.01,37.5,E341705,Distribuidora,764543.58,8999581.27,SE0119,CHIMBOTE,ELNM,-78.593572467,-9.042448949
20260213,20241231,21353805,"13,2 kV",380/220 V,6.66,1.53,37.5,E341706,Distribuidora,764473.78,8999475.02,SE0119,CHIMBOTE,ELNM,-78.594200641,-9.04341330099999
20260213,20241231,21353815,"13,2 kV",220 V,37.08,0.0,150.0,E341849,Tercero,765021.69,8996179.3,SE0119,CHIMBOTE,ELNM,-78.589020966,-9.07316400399998
20260213,20241231,21353821,"13,2 kV",380/220 V,19.49,4.4,50.0,E341879,Distribuidora,765300.12,8995685.47,SE0119,CHIMBOTE,ELNM,-78.586459703,-9.07761002000001
20260213,20241231,21353825,"13,2 kV",380/220 V,3.73,0.0,25.0,E341834,Distribuidora,771822.44,8991318.82,SE0119,CHIMBOTE,ELNM,-78.526890018,-9.11667276600002
20260213,20241231,21353837,"13,2 kV",220 V,48.78,0.89,50.0,E341872,Distribuidora,765056.69,8996423.73,SE0119,CHIMBOTE,ELNM,-78.588717511,-9.07095299100001
20260213,20241231,21353843,"13,2 kV",380/220 V,29.18,1.0,75.0,E341877,Distribuidora,764583.16,8996459.81,SE0119,CHIMBOTE,ELNM,-78.593024882,-9.07065532000001
20260213,20241231,21353845,"13,2 kV",380/220 V,17.41,2.87,50.0,E341878,Distribuidora,765135.8,8995736.06,SE0119,CHIMBOTE,ELNM,-78.587956732,-9.07716271100003
20260213,20241231,21353873,"13,2 kV",440/220 V,4.93,0.0,50.0,E341890,Distribuidora,768247.17,8992371.78,SE0119,CHIMBOTE,ELNM,-78.559462932,-9.10737704899998
20260213,20241231,21353901,"13,2 kV",220 V,0.9,0.0,50.0,E341947,Tercero,769480.59,8993186.3,SE0119,CHIMBOTE,ELNM,-78.548298386,-9.099941102
20260213,20241231,21353905,"13,2 kV",380/220 V,66.18,1.87,75.0,E341950,Distribuidora,772530.02,8990897.97,SE0119,CHIMBOTE,ELNM,-78.520430154,-9.12043196600001
20260213,20241231,21353921,"13,2 kV",380/220 V,21.6,1.65,50.0,E341954,Distribuidora,766400.71,8998062.66,SE0119,CHIMBOTE,ELNM,-78.576597489,-9.05606127599998
20260213,20241231,21353925,"13,2 kV",380/220 V,15.43,0.35,80.0,E341973,Distribuidora,771656.31,8991115.73,SE0119,CHIMBOTE,ELNM,-78.528387913,-9.11851827200002
20260213,20241231,21353927,"13,2 kV",380/220 V,42.5,1.42,75.0,E341951,Distribuidora,772819.97,8990838.7,SE0119,CHIMBOTE,ELNM,-78.51779009,-9.120949564
20260213,20241231,21353931,"13,2 kV",380/220 V,22.3,2.35,75.0,E341952,Distribuidora,772825.05,8990570.04,SE0119,CHIMBOTE,ELNM,-78.517727111,-9.12337699199998
20260213,20241231,21353933,"13,2 kV",380/220 V,15.2,0.87,50.0,E341953,Distribuidora,772414.53,8990635.2,SE0119,CHIMBOTE,ELNM,-78.521463849,-9.12281365299998
20260213,20241231,21353939,"13,2 kV",440/220 V,1.0,1.0,200.0,E341726,Tercero,767789.2,8997278.32,SE0119,CHIMBOTE,ELNM,-78.56392669,-9.06306542300001
20260213,20241231,21353941,"13,2 kV",380/220 V,15.57,1.24,37.5,E341686,Distribuidora,767385.46,8992925.41,SE0119,CHIMBOTE,ELNM,-78.567331823,-9.10242643700002
20260213,20241231,21353947,"13,2 kV",220 V,58.8,2.01,75.0,E341827,Distribuidora,772756.13,8990216.34,SE0119,CHIMBOTE,ELNM,-78.518331663,-9.12657747899999
20260213,20241231,21353953,"13,2 kV",380/220 V,29.03,1.24,37.5,E341698,Distribuidora,767350.58,8995939.14,SE0119,CHIMBOTE,ELNM,-78.56783282,-9.075193942
20260213,20241231,21353963,"13,2 kV",380/220 V,14.08,0.71,37.5,E341748,Distribuidora,771828.31,8990730.2,SE0119,CHIMBOTE,ELNM,-78.526800007,-9.121991498
20260213,20241231,21353965,"13,2 kV",380/220 V,53.67,3.71,75.0,E341749,Distribuidora,771540.96,8990729.72,SE0119,CHIMBOTE,ELNM,-78.529412727,-9.12201360699999
20260213,20241231,21353967,"13,2 kV",220 V,72.49,6.19,175.0,E341750,Distribuidora,771645.83,8990653.94,SE0119,CHIMBOTE,ELNM,-78.528454473,-9.12269191399997
20260213,20241231,21355333,"13,2 kV",380/220 V,20.14,2.01,50.0,E341769,Distribuidora,771228.44,8992504.44,SE0119,CHIMBOTE,ELNM,-78.532364498,-9.10599549199998
20260213,20241231,21355335,"13,2 kV",220 V,11.76,1.36,50.0,E341771,Distribuidora,772890.79,8991245.73,SE0119,CHIMBOTE,ELNM,-78.517171594,-9.11726704500001
20260213,20241231,21363045,"13,2 kV",220 V,78.03,0.0,100.0,E343000,Distribuidora,775549.99,8989514.2,SE0119,CHIMBOTE,ELNM,-78.492884059,-9.13274779
20260213,20241231,21363057,"13,2 kV",380/220 V,1.0,1.0,75.0,E343008,Tercero,771441.74,9008235.15,SE0119,CHIMBOTE,ELNM,-78.531393456,-8.96382985899999
20260213,20241231,21363067,"13,2 kV",380/220 V,22.04,2.18,75.0,E343013,Distribuidora,765435.16,8999251.35,SE0119,CHIMBOTE,ELNM,-78.585447248,-9.04537712500002
20260213,20241231,21363069,"13,2 kV",380/220 V,17.05,1.77,75.0,E343014,Distribuidora,775127.1,8990294.55,SE0119,CHIMBOTE,ELNM,-78.49677845,-9.12572282000002
20260213,20241231,21363071,"13,2 kV",380/220 V,12.31,1.3,50.0,E343015,Distribuidora,775165.47,8990089.32,SE0119,CHIMBOTE,ELNM,-78.496416631,-9.12757494300001
20260213,20241231,21363073,"13,2 kV",380/220 V,12.12,1.65,75.0,E343016,Distribuidora,775251.74,8990151.52,SE0119,CHIMBOTE,ELNM,-78.495636146,-9.12700747500003
20260213,20241231,21363075,"13,2 kV",380/220 V,6.93,1.53,50.0,E343017,Distribuidora,775392.78,8990014.56,SE0119,CHIMBOTE,ELNM,-78.4943451,-9.12823624599997
20260213,20241231,21361685,"13,2 kV",380/220 V,35.0,1.82,75.0,E342920,Distribuidora,772895.53,8989386.21,SE0119,CHIMBOTE,ELNM,-78.517012215,-9.13407027
20260213,20241231,21361687,"13,2 kV",380/220 V,24.06,2.13,50.0,E342921,Distribuidora,772862.13,8989593.83,SE0119,CHIMBOTE,ELNM,-78.517328907,-9.13219619400002
20260213,20241231,21361689,"13,2 kV",380/220 V,33.53,2.66,100.0,E342922,Distribuidora,772681.95,8989589.65,SE0119,CHIMBOTE,ELNM,-78.518966979,-9.13224516700001
20260213,20241231,21361691,"13,2 kV",380/220 V,45.2,2.46,100.0,E342923,Distribuidora,772701.54,8989368.31,SE0119,CHIMBOTE,ELNM,-78.518775008,-9.13424408700001
20260213,20241231,21361693,"13,2 kV",380/220 V,27.48,3.84,100.0,E342924,Distribuidora,772510.24,8989408.02,SE0119,CHIMBOTE,ELNM,-78.520516947,-9.13389713499998
20260213,20241231,21361695,"13,2 kV",380/220 V,32.28,2.03,75.0,E342925,Distribuidora,772374.38,8989253.99,SE0119,CHIMBOTE,ELNM,-78.521742675,-9.13529746500001
20260213,20241231,21361697,"13,2 kV",380/220 V,20.85,2.28,50.0,E342926,Distribuidora,772412.53,8989049.86,SE0119,CHIMBOTE,ELNM,-78.521383024,-9.13713971800001
20260213,20241231,21361699,"13,2 kV",380/220 V,48.85,2.23,100.0,E342927,Distribuidora,772648.01,8989095.92,SE0119,CHIMBOTE,ELNM,-78.51924471,-9.13670886400001
20260213,20241231,21361719,"13,2 kV",440/220 V,7.67,0.0,400.0,E342937,Tercero,767875.84,8992135.17,SE0119,CHIMBOTE,ELNM,-78.562824728,-9.10953787
20260213,20241231,21361723,"13,2 kV",440/220 V,2.02,0.0,350.0,E342941,Tercero,768109.87,8992904.32,SE0119,CHIMBOTE,ELNM,-78.560743962,-9.10257296499998
20260213,20241231,21363077,"13,2 kV",380/220 V,6.3,5.23,50.0,E343018,Distribuidora,775370.84,8989880.13,SE0119,CHIMBOTE,ELNM,-78.494536104,-9.12945237500003
20260213,20241231,21363079,"13,2 kV",380/220 V,7.72,1.53,50.0,E343019,Distribuidora,775522.48,8989986.54,SE0119,CHIMBOTE,ELNM,-78.493164035,-9.12848130499998
20260213,20241231,21363081,"13,2 kV",380/220 V,14.91,1.22,50.0,E343020,Distribuidora,774950.99,8987921.08,SE0119,CHIMBOTE,ELNM,-78.498230001,-9.14718134999998
20260213,20241231,21363083,"13,2 kV",380/220 V,12.0,1.24,37.5,E343021,Distribuidora,774964.6,8988031.27,SE0119,CHIMBOTE,ELNM,-78.498113204,-9.14618478099999
20260213,20241231,21363085,"13,2 kV",380/220 V,27.3,2.01,75.0,E343022,Distribuidora,775020.81,8988041.42,SE0119,CHIMBOTE,ELNM,-78.497602729,-9.146089534
20260213,20241231,21363087,"13,2 kV",380/220 V,24.18,2.77,75.0,E343023,Distribuidora,775170.03,8988103.45,SE0119,CHIMBOTE,ELNM,-78.496249797,-9.14551964100002
20260213,20241231,21363089,"13,2 kV",380/220 V,18.3,2.3,75.0,E343024,Distribuidora,774891.68,8988810.43,SE0119,CHIMBOTE,ELNM,-78.498825439,-9.13914859599998
20260213,20241231,21363091,"13,2 kV",380/220 V,23.65,3.01,75.0,E343025,Distribuidora,774749.14,8989012.9,SE0119,CHIMBOTE,ELNM,-78.500134293,-9.13732793899999
20260213,20241231,21363093,"13,2 kV",380/220 V,26.13,2.42,75.0,E343026,Distribuidora,775000.66,8989058.71,SE0119,CHIMBOTE,ELNM,-78.497850173,-9.13689821899999
20260213,20241231,21363095,"13,2 kV",380/220 V,23.19,2.36,75.0,E343027,Distribuidora,775180.15,8989226.35,SE0119,CHIMBOTE,ELNM,-78.496228702,-9.13537210999999
20260213,20241231,21363097,"13,2 kV",380/220 V,23.01,1.65,50.0,E343028,Distribuidora,774942.51,8989273.6,SE0119,CHIMBOTE,ELNM,-78.49839247,-9.13496004400002
20260213,20241231,21361725,"13,2 kV",380/220 V,5.64,0.3,100.0,E342942,Distribuidora,772681.16,8989621.04,SE0119,CHIMBOTE,ELNM,-78.518976125,-9.13196156100003
20260213,20241231,21361729,"13,2 kV",220 V,7.65,0.0,25.0,E342944,Distribuidora,768283.44,8992055.33,SE0119,CHIMBOTE,ELNM,-78.559113733,-9.110234526
20260213,20241231,21361731,"22,9 kV",380/220 V,3.79,1.13,25.0,E342946,Distribuidora,773786.23,8989397.03,SE0119,CHIMBOTE,ELNM,-78.508913963,-9.133917
20260213,20241231,21361735,"13,2 kV",380/220 V,18.31,1.95,50.0,E342949,Distribuidora,773297.62,8989006.54,SE0119,CHIMBOTE,ELNM,-78.513332292,-9.13747610899998
20260213,20241231,21361737,"13,2 kV",380/220 V,3.36,1.0,37.5,E342950,Distribuidora,775003.01,8990987.99,SE0119,CHIMBOTE,ELNM,-78.497950415,-9.11946442499999
20260213,20241231,21361743,"13,2 kV",380/220 V,0.07,0.0,75.0,E342954,Distribuidora,770473.54,8990368.57,SE0119,CHIMBOTE,ELNM,-78.539095986,-9.12534304000002
20260213,20241231,21361745,"13,2 kV",380/220 V,1.0,1.0,75.0,E342955,Tercero,770294.26,8990366.03,SE0119,CHIMBOTE,ELNM,-78.540725975,-9.12537703200002
20260213,20241231,21361747,"13,2 kV",380/220 V,9.86,2.42,75.0,E342956,Distribuidora,774985.68,8990804.18,SE0119,CHIMBOTE,ELNM,-78.498096409,-9.12112648200002
20260213,20241231,21361771,"13,2 kV",380/220 V,7.95,2.43,75.0,E342968,Distribuidora,769551.28,8991552.67,SE0119,CHIMBOTE,ELNM,-78.547554967,-9.114699401
20260213,20241231,21361773,"13,2 kV",380/220 V,10.64,2.12,50.0,E342969,Distribuidora,773773.81,8988591.42,SE0119,CHIMBOTE,ELNM,-78.508976287,-9.14119760599999
20260213,20241231,21361775,"13,2 kV",440/220 V,13.89,2.48,75.0,E342970,Distribuidora,773570.22,8988617.48,SE0119,CHIMBOTE,ELNM,-78.510829154,-9.14097482699998
20260213,20241231,21361777,"13,2 kV",380/220 V,29.14,1.89,75.0,E342971,Distribuidora,773454.44,8988922.73,SE0119,CHIMBOTE,ELNM,-78.511901091,-9.13822367799997
20260213,20241231,21361779,"13,2 kV",220 V,3.95,0.0,20.0,E342972,Tercero,768590.0,8992550.82,SE0119,CHIMBOTE,ELNM,-78.556356779,-9.10573819299998
20260213,20241231,21361791,"13,2 kV",220 V,6.06,0.0,75.0,E342981,Tercero,764731.85,8998338.59,SE0119,CHIMBOTE,ELNM,-78.591786184,-9.05366784099999
20260213,20241231,21361405,"13,2 kV",220 V,0.24,0.0,50.0,E342774,Distribuidora,769853.08,8991424.85,SE0119,CHIMBOTE,ELNM,-78.544802953,-9.11583595500002
20260213,20241231,21361419,"13,2 kV",380/220 V,13.61,2.56,50.0,E342782,Distribuidora,773259.75,8991791.75,SE0119,CHIMBOTE,ELNM,-78.513851023,-9.11231003
20260213,20241231,21361421,"13,2 kV",380/220 V,24.07,1.36,75.0,E342783,Distribuidora,773241.73,8991614.32,SE0119,CHIMBOTE,ELNM,-78.514003772,-9.113914491
20260213,20241231,21361423,"13,2 kV",380/220 V,16.05,1.13,75.0,E342785,Distribuidora,773003.39,8991758.16,SE0119,CHIMBOTE,ELNM,-78.51617981,-9.11262948799998
20260213,20241231,21361429,"13,2 kV",220 V,192.18,0.0,250.0,E342788,Tercero,768293.91,8991724.58,SE0119,CHIMBOTE,ELNM,-78.558998233,-9.11322280100001
20260213,20241231,21361431,"13,2 kV",220 V,19.57,0.0,200.0,E342789,Tercero,766679.16,8993967.78,SE0119,CHIMBOTE,ELNM,-78.573817257,-9.09304950299997
20260213,20241231,21361599,"13,2 kV",380/220 V,55.43,4.23,150.0,E342876,Distribuidora,767249.04,8995848.52,SE0119,CHIMBOTE,ELNM,-78.56875047,-9.076019008
20260213,20241231,21361615,"13,2 kV",380/220 V,21.14,1.48,75.0,E342884,Distribuidora,770012.6,8990999.28,SE0119,CHIMBOTE,ELNM,-78.543326206,-9.11967189299997
20260213,20241231,21361617,"13,2 kV",440/220 V,25.28,3.16,100.0,E342885,Distribuidora,770105.0,8991048.1,SE0119,CHIMBOTE,ELNM,-78.542489068,-9.11922504400002
20260213,20241231,21361619,"13,2 kV",440/220 V,23.09,2.66,75.0,E342886,Distribuidora,769833.98,8990931.89,SE0119,CHIMBOTE,ELNM,-78.544946166,-9.12029184699998
20260213,20241231,21361621,"13,2 kV",380/220 V,9.47,1.42,37.5,E342887,Distribuidora,769769.25,8990895.52,SE0119,CHIMBOTE,ELNM,-78.545532486,-9.120624486
20260213,20241231,21361623,"13,2 kV",380/220 V,8.88,1.71,37.5,E342888,Distribuidora,769894.15,8991141.5,SE0119,CHIMBOTE,ELNM,-78.544412016,-9.118393975
20260213,20241231,21361625,"13,2 kV",380/220 V,19.47,2.86,75.0,E342889,Distribuidora,769812.38,8991266.51,SE0119,CHIMBOTE,ELNM,-78.54516324,-9.11726932099998
20260213,20241231,21361627,"13,2 kV",440/220 V,23.91,2.31,75.0,E342890,Distribuidora,769929.61,8991215.07,SE0119,CHIMBOTE,ELNM,-78.54409414,-9.11772696899999
20260213,20241231,21361629,"13,2 kV",440/220 V,16.33,2.83,75.0,E342891,Distribuidora,769633.8,8991049.26,SE0119,CHIMBOTE,ELNM,-78.54677358,-9.11924350100003
20260213,20241231,21361631,"13,2 kV",380/220 V,12.44,1.89,50.0,E342892,Distribuidora,769537.59,8991149.81,SE0119,CHIMBOTE,ELNM,-78.547654587,-9.11834076299999
20260213,20241231,21361633,"13,2 kV",380/220 V,23.92,2.77,100.0,E342893,Distribuidora,769540.32,8990982.92,SE0119,CHIMBOTE,ELNM,-78.547619464,-9.11984873
20260213,20241231,21361635,"13,2 kV",440/220 V,21.4,2.98,75.0,E342894,Distribuidora,769280.67,8990879.32,SE0119,CHIMBOTE,ELNM,-78.549973984,-9.12080085399998
20260213,20241231,21361637,"13,2 kV",380/220 V,5.59,1.42,37.5,E342895,Distribuidora,769528.7,8990843.83,SE0119,CHIMBOTE,ELNM,-78.547716535,-9.12110635699997
20260213,20241231,21361639,"13,2 kV",380/220 V,9.82,1.1,75.0,E342896,Distribuidora,769774.44,8991399.26,SE0119,CHIMBOTE,ELNM,-78.54551641,-9.11607203
20260213,20241231,21361641,"13,2 kV",380/220 V,16.41,2.69,75.0,E342897,Distribuidora,769618.73,8991381.22,SE0119,CHIMBOTE,ELNM,-78.546931097,-9.11624460500002
20260213,20241231,21361643,"13,2 kV",440/220 V,9.88,1.16,50.0,E342898,Distribuidora,769604.29,8991421.57,SE0119,CHIMBOTE,ELNM,-78.547064883,-9.11588086099999
20260213,20241231,21361645,"13,2 kV",380/220 V,11.34,1.89,50.0,E342899,Distribuidora,769632.26,8991247.05,SE0119,CHIMBOTE,ELNM,-78.546799793,-9.11745622799998
20260213,20241231,21361647,"13,2 kV",440/220 V,9.01,1.2,75.0,E342900,Distribuidora,769264.43,8991157.8,SE0119,CHIMBOTE,ELNM,-78.55013882,-9.11828530600002
20260213,20241231,21361649,"13,2 kV",380/220 V,12.35,1.35,100.0,E342901,Distribuidora,769168.0,8991113.47,SE0119,CHIMBOTE,ELNM,-78.55101289,-9.11869181100002
20260213,20241231,21361651,"13,2 kV",380/220 V,13.55,2.35,75.0,E342902,Distribuidora,769360.67,8991312.88,SE0119,CHIMBOTE,ELNM,-78.549273309,-9.11687799499998
20260213,20241231,21361653,"13,2 kV",440/220 V,7.58,1.91,75.0,E342903,Distribuidora,769416.6,8991367.9,SE0119,CHIMBOTE,ELNM,-78.548768154,-9.11637736799997
20260213,20241231,21361655,"13,2 kV",380/220 V,9.67,2.29,50.0,E342904,Distribuidora,769407.08,8991167.47,SE0119,CHIMBOTE,ELNM,-78.548842354,-9.11818917800002
20260213,20241231,21361659,"13,2 kV",440/220 V,19.99,1.83,50.0,E342907,Distribuidora,770769.99,8992005.04,SE0119,CHIMBOTE,ELNM,-78.536501897,-9.11053661400001
20260213,20241231,21361661,"13,2 kV",380/220 V,26.99,2.07,100.0,E342908,Distribuidora,770611.33,8992170.47,SE0119,CHIMBOTE,ELNM,-78.537954728,-9.109051448
20260213,20241231,21361663,"13,2 kV",380/220 V,13.21,1.89,50.0,E342909,Distribuidora,770644.3,8992452.6,SE0119,CHIMBOTE,ELNM,-78.537672416,-9.10649991499997
20260213,20241231,21361665,"13,2 kV",380/220 V,17.73,2.3,75.0,E342910,Distribuidora,770839.18,8992171.23,SE0119,CHIMBOTE,ELNM,-78.535883094,-9.10903055900002
20260213,20241231,21361667,"13,2 kV",380/220 V,21.65,2.42,75.0,E342911,Distribuidora,771002.56,8992457.59,SE0119,CHIMBOTE,ELNM,-78.534415342,-9.10643277299999
20260213,20241231,21361669,"13,2 kV",440/220 V,16.87,2.18,50.0,E342912,Distribuidora,770869.99,8992066.17,SE0119,CHIMBOTE,ELNM,-78.535596451,-9.10997804900001
20260213,20241231,21361671,"13,2 kV",380/220 V,13.22,1.24,50.0,E342913,Distribuidora,771026.84,8992115.59,SE0119,CHIMBOTE,ELNM,-78.534173386,-9.109521798
20260213,20241231,21361673,"13,2 kV",380/220 V,25.46,2.36,75.0,E342914,Distribuidora,771078.92,8992217.03,SE0119,CHIMBOTE,ELNM,-78.533706148,-9.108601916
20260213,20241231,21361675,"13,2 kV",380/220 V,15.54,1.48,75.0,E342915,Distribuidora,771154.89,8992316.1,SE0119,CHIMBOTE,ELNM,-78.533021552,-9.10770197800002
20260213,20241231,21361677,"13,2 kV",440/220 V,13.78,1.53,50.0,E342916,Distribuidora,771210.25,8992313.58,SE0119,CHIMBOTE,ELNM,-78.532518049,-9.10772133900002
20260213,20241231,21361679,"13,2 kV",380/220 V,27.34,1.48,50.0,E342917,Distribuidora,772461.86,8989098.47,SE0119,CHIMBOTE,ELNM,-78.52093751,-9.13669738900001
20260213,20241231,21361681,"13,2 kV",380/220 V,27.83,1.77,75.0,E342918,Distribuidora,772513.39,8989234.52,SE0119,CHIMBOTE,ELNM,-78.520477459,-9.13546477199998
20260213,20241231,21361683,"13,2 kV",380/220 V,18.87,0.77,37.5,E342919,Distribuidora,772791.19,8989466.51,SE0119,CHIMBOTE,ELNM,-78.517965982,-9.13335112999999
20260213,20241231,21358537,"13,2 kV",220 V,18.14,0.0,200.0,E342491,Tercero,768362.68,8994966.02,SE0119,CHIMBOTE,ELNM,-78.558571656,-9.08392642899997
20260213,20241231,21358539,"13,2 kV",380/220 V,1.0,1.0,100.0,E342492,Tercero,768074.23,8994811.15,SE0119,CHIMBOTE,ELNM,-78.561184724,-9.085343497
20260213,20241231,21358541,"13,2 kV",440/220 V,734.04,0.0,1000.0,E342493,Tercero,769238.48,8991313.92,SE0119,CHIMBOTE,ELNM,-78.550384397,-9.11687608400001
20260213,20241231,21358543,"13,2 kV",220 V,8.62,0.0,100.0,E342495,Tercero,766713.57,8994518.02,SE0119,CHIMBOTE,ELNM,-78.573537891,-9.08807496600002
20260213,20241231,21358545,"13,2 kV",220 V,57.95,0.0,100.0,E342496,Tercero,769473.62,8991503.63,SE0119,CHIMBOTE,ELNM,-78.548258068,-9.11514732099999
20260213,20241231,21358547,"13,2 kV",380/220 V,38.25,0.0,50.0,E342497,Distribuidora,768522.94,8993082.23,SE0119,CHIMBOTE,ELNM,-78.556999128,-9.10094005799999
20260213,20241231,21358549,"13,2 kV",380/220 V,28.31,0.0,37.0,E342498,Distribuidora,768644.82,8992967.56,SE0119,CHIMBOTE,ELNM,-78.555883927,-9.10196886900002
20260213,20241231,21358553,"13,2 kV",380/220 V,19.55,4.2,25.0,E342500,Distribuidora,768863.79,8992321.25,SE0119,CHIMBOTE,ELNM,-78.553853273,-9.10779603999998
20260213,20241231,21358555,"13,2 kV",220 V,3.03,1.0,10.0,E342501,Distribuidora,769328.2,8991885.0,SE0119,CHIMBOTE,ELNM,-78.549603809,-9.11170990199997
20260213,20241231,21358557,"13,2 kV",220 V,263.34,0.0,630.0,E342502,Tercero,762123.65,8999724.97,SE0119,CHIMBOTE,ELNM,-78.615580808,-9.04129409000001
20260213,20241231,21358565,"13,2 kV",380/220 V,239.69,0.0,1260.0,E342508,Tercero,765029.63,8995542.88,SE0119,CHIMBOTE,ELNM,-78.588910345,-9.07891485200003
20260213,20241231,21358567,"13,2 kV",440/220 V,468.87,0.0,800.0,E342509,Tercero,766953.53,8994739.52,SE0119,CHIMBOTE,ELNM,-78.571369661,-9.08605877799999
20260213,20241231,21359779,"13,2 kV",440/220 V,1.35,1.0,160.0,E342619,Tercero,762972.79,8999854.09,SE0119,CHIMBOTE,ELNM,-78.607868895,-9.040076919
20260213,20241231,21359783,"13,2 kV",380/220 V,67.11,0.0,350.0,E342621,Tercero,773475.47,8990211.35,SE0119,CHIMBOTE,ELNM,-78.511790683,-9.12657782600002
20260213,20241231,21359785,"13,2 kV",220 V,7.49,0.0,100.0,E342622,Distribuidora,770542.64,8990966.36,SE0119,CHIMBOTE,ELNM,-78.538504726,-9.11993677599997
20260213,20241231,21359799,"13,2 kV",220 V,6.71,0.0,160.0,E342631,Distribuidora,769772.98,8991549.33,SE0119,CHIMBOTE,ELNM,-78.545538951,-9.11471598499998
20260213,20241231,21359801,"13,2 kV",380/220 V,14.32,1.0,25.0,E342632,Distribuidora,768154.94,8994722.75,SE0119,CHIMBOTE,ELNM,-78.560445512,-9.08613744399997
20260213,20241231,21359803,"13,2 kV",220 V,43.54,1.0,100.0,E342633,Distribuidora,766827.09,8996923.63,SE0119,CHIMBOTE,ELNM,-78.57265204,-9.06632887900003
20260213,20241231,21359813,"13,2 kV",380/220 V,28.22,2.79,75.0,E342638,Distribuidora,773435.15,8991096.66,SE0119,CHIMBOTE,ELNM,-78.512212747,-9.11858027699998
20260213,20241231,21359815,"13,2 kV",380/220 V,32.3,2.73,75.0,E342639,Distribuidora,773630.94,8991302.88,SE0119,CHIMBOTE,ELNM,-78.510445471,-9.11670459599998
20260213,20241231,21359817,"13,2 kV",380/220 V,38.79,2.56,75.0,E342640,Distribuidora,773881.06,8991249.47,SE0119,CHIMBOTE,ELNM,-78.508167954,-9.11717165300001
20260213,20241231,21359819,"13,2 kV",380/220 V,29.39,2.07,75.0,E342641,Distribuidora,773854.2,8991138.01,SE0119,CHIMBOTE,ELNM,-78.508405186,-9.11818052699999
20260213,20241231,21359821,"13,2 kV",380/220 V,31.42,2.79,75.0,E342642,Distribuidora,774018.24,8991121.31,SE0119,CHIMBOTE,ELNM,-78.506912632,-9.11832120999998
20260213,20241231,21359823,"13,2 kV",380/220 V,25.27,2.01,75.0,E342643,Distribuidora,773995.98,8991006.88,SE0119,CHIMBOTE,ELNM,-78.507107848,-9.11935663499997
20260213,20241231,21359825,"13,2 kV",380/220 V,12.42,1.49,37.5,E342644,Distribuidora,774216.12,8990930.38,SE0119,CHIMBOTE,ELNM,-78.505101455,-9.12003418799998
20260213,20241231,21359827,"13,2 kV",380/220 V,27.13,1.6,50.0,E342645,Distribuidora,773382.37,8990943.78,SE0119,CHIMBOTE,ELNM,-78.512683072,-9.11996505399998
20260213,20241231,21359829,"13,2 kV",380/220 V,20.96,2.48,50.0,E342646,Distribuidora,773584.79,8990752.14,SE0119,CHIMBOTE,ELNM,-78.51083058,-9.12168419900001
20260213,20241231,21359831,"13,2 kV",380/220 V,16.53,3.14,50.0,E342647,Distribuidora,773826.37,8990523.93,SE0119,CHIMBOTE,ELNM,-78.508619715,-9.12373135000001
20260213,20241231,21359833,"13,2 kV",380/220 V,29.41,2.3,75.0,E342648,Distribuidora,773611.04,8990877.15,SE0119,CHIMBOTE,ELNM,-78.510599737,-9.12055291899998
20260213,20241231,21359835,"13,2 kV",380/220 V,26.9,2.07,75.0,E342649,Distribuidora,773814.81,8990917.06,SE0119,CHIMBOTE,ELNM,-78.50874948,-9.12017958000001
20260213,20241231,21359837,"13,2 kV",380/220 V,29.09,2.07,75.0,E342650,Distribuidora,773727.08,8990739.34,SE0119,CHIMBOTE,ELNM,-78.509536014,-9.12179100200001
20260213,20241231,21359839,"13,2 kV",380/220 V,22.51,2.55,75.0,E342651,Distribuidora,774175.62,8990800.23,SE0119,CHIMBOTE,ELNM,-78.505461523,-9.12121280399998
20260213,20241231,21359841,"13,2 kV",380/220 V,29.3,1.66,50.0,E342652,Distribuidora,773855.47,8991338.45,SE0119,CHIMBOTE,ELNM,-78.508406205,-9.11636918699998
20260213,20241231,21359843,"13,2 kV",380/220 V,25.15,2.79,75.0,E342653,Distribuidora,773865.57,8991547.24,SE0119,CHIMBOTE,ELNM,-78.50832746,-9.11448184199998
20260213,20241231,21359845,"13,2 kV",380/220 V,19.44,2.85,75.0,E342654,Distribuidora,774064.88,8991761.66,SE0119,CHIMBOTE,ELNM,-78.506528733,-9.11253183399998
20260213,20241231,21359847,"13,2 kV",440/220 V,28.07,2.36,75.0,E342655,Distribuidora,774109.63,8991490.8,SE0119,CHIMBOTE,ELNM,-78.506104868,-9.11497664799998
20260213,20241231,21359849,"13,2 kV",380/220 V,29.12,4.07,75.0,E342656,Distribuidora,774028.83,8991324.03,SE0119,CHIMBOTE,ELNM,-78.506829062,-9.116488688
20260213,20241231,21359851,"13,2 kV",380/220 V,22.14,2.66,75.0,E342657,Distribuidora,774249.41,8991558.96,SE0119,CHIMBOTE,ELNM,-78.504838234,-9.11435200900002
20260213,20241231,21359853,"13,2 kV",380/220 V,12.75,1.65,50.0,E342658,Distribuidora,774314.88,8991681.53,SE0119,CHIMBOTE,ELNM,-78.504250661,-9.11324033300002
20260213,20241231,21359855,"13,2 kV",380/220 V,13.27,1.74,50.0,E342659,Distribuidora,774213.27,8991390.65,SE0119,CHIMBOTE,ELNM,-78.505156263,-9.11587517999999
20260213,20241231,21359857,"13,2 kV",380/220 V,21.93,2.71,75.0,E342660,Distribuidora,774292.86,8991314.23,SE0119,CHIMBOTE,ELNM,-78.504427813,-9.11656077700002
20260213,20241231,21359859,"13,2 kV",380/220 V,15.87,2.89,50.0,E342661,Distribuidora,774543.74,8991458.56,SE0119,CHIMBOTE,ELNM,-78.502155816,-9.11524089300002
20260213,20241231,21359861,"13,2 kV",380/220 V,16.04,2.07,75.0,E342662,Distribuidora,774596.57,8991244.9,SE0119,CHIMBOTE,ELNM,-78.501662045,-9.117168306
20260213,20241231,21359863,"13,2 kV",380/220 V,24.45,3.25,75.0,E342663,Distribuidora,774163.16,8991175.48,SE0119,CHIMBOTE,ELNM,-78.505598372,-9.11782267000001
20260213,20241231,21359865,"13,2 kV",380/220 V,19.32,1.41,50.0,E342664,Distribuidora,774221.88,8990990.48,SE0119,CHIMBOTE,ELNM,-78.505052857,-9.11949074099999
20260213,20241231,21359867,"13,2 kV",380/220 V,16.83,1.22,37.5,E342665,Distribuidora,774398.25,8991038.79,SE0119,CHIMBOTE,ELNM,-78.503452276,-9.11904318299997
20260213,20241231,21359869,"13,2 kV",380/220 V,31.44,1.59,75.0,E342666,Distribuidora,774044.89,8990703.97,SE0119,CHIMBOTE,ELNM,-78.50664413,-9.12209080500003
20260213,20241231,21359871,"13,2 kV",380/220 V,35.32,2.43,50.0,E342667,Distribuidora,773977.5,8990590.9,SE0119,CHIMBOTE,ELNM,-78.507249773,-9.123116756
20260213,20241231,21359875,"13,2 kV",220 V,31.16,0.79,100.0,E342670,Distribuidora,772417.7,8990070.42,SE0119,CHIMBOTE,ELNM,-78.521399771,-9.12791709800001
20260213,20241231,21359879,"13,2 kV",380/220 V,33.01,1.65,75.0,E342672,Distribuidora,773549.43,8991180.46,SE0119,CHIMBOTE,ELNM,-78.511178919,-9.11781591099998
20260213,20241231,21359881,"13,2 kV",380/220 V,27.61,1.83,75.0,E342673,Distribuidora,773695.44,8991043.04,SE0119,CHIMBOTE,ELNM,-78.509842735,-9.11904860800001
20260213,20241231,21359883,"13,2 kV",380/220 V,31.46,2.34,75.0,E342674,Distribuidora,773900.14,8990830.25,SE0119,CHIMBOTE,ELNM,-78.507968181,-9.12095871399998
20260213,20241231,21359907,"13,2 kV",220 V,19.34,0.0,20.0,E342686,Tercero,768323.3,8991591.64,SE0119,CHIMBOTE,ELNM,-78.55872284,-9.11442235599998
20260213,20241231,21358629,"13,2 kV",380/220 V,18.31,1.77,75.0,E342540,Distribuidora,775100.44,8990734.41,SE0119,CHIMBOTE,ELNM,-78.497048577,-9.12174976300003
20260213,20241231,21358631,"13,2 kV",380/220 V,13.39,1.24,50.0,E342541,Distribuidora,775177.45,8990686.0,SE0119,CHIMBOTE,ELNM,-78.496345324,-9.12218238899999
20260213,20241231,21358633,"13,2 kV",380/220 V,12.1,1.77,75.0,E342542,Distribuidora,775209.97,8990834.38,SE0119,CHIMBOTE,ELNM,-78.496058993,-9.12083954000002
20260213,20241231,21358635,"13,2 kV",380/220 V,20.46,2.6,75.0,E342543,Distribuidora,774903.67,8991008.05,SE0119,CHIMBOTE,ELNM,-78.498854907,-9.11928937200003
20260213,20241231,21358637,"13,2 kV",380/220 V,5.76,1.12,50.0,E342544,Distribuidora,774959.15,8991072.32,SE0119,CHIMBOTE,ELNM,-78.498354512,-9.11870513399998
20260213,20241231,21358639,"13,2 kV",380/220 V,4.85,1.12,37.5,E342545,Distribuidora,774882.18,8991137.11,SE0119,CHIMBOTE,ELNM,-78.499058423,-9.11812448299997
20260213,20241231,21358641,"13,2 kV",380/220 V,5.15,1.18,50.0,E342546,Distribuidora,775013.06,8991106.4,SE0119,CHIMBOTE,ELNM,-78.497866493,-9.11839380100002
20260213,20241231,21358643,"13,2 kV",380/220 V,8.48,1.53,37.5,E342547,Distribuidora,773159.35,8988678.95,SE0119,CHIMBOTE,ELNM,-78.514569026,-9.140444978
20260213,20241231,21358645,"13,2 kV",380/220 V,5.27,1.71,37.5,E342548,Distribuidora,773067.96,8988592.97,SE0119,CHIMBOTE,ELNM,-78.515394641,-9.14122762699998
20260213,20241231,21358647,"13,2 kV",380/220 V,10.71,1.53,50.0,E342549,Distribuidora,773103.09,8988728.03,SE0119,CHIMBOTE,ELNM,-78.515083672,-9.14000497400002
20260213,20241231,21358649,"13,2 kV",380/220 V,2.89,1.24,37.5,E342550,Distribuidora,772963.43,8988590.46,SE0119,CHIMBOTE,ELNM,-78.516344972,-9.14125681799999
20260213,20241231,21358651,"13,2 kV",380/220 V,3.45,0.83,25.0,E342551,Distribuidora,771944.4,8991829.43,SE0119,CHIMBOTE,ELNM,-78.525812884,-9.11205107000001
20260213,20241231,21359983,"13,2 kV",380/220 V,181.34,0.0,800.0,E342724,Tercero,770773.37,8990196.33,SE0119,CHIMBOTE,ELNM,-78.536359028,-9.126881029
20260213,20241231,21359999,"13,2 kV",220 V,25.44,0.0,100.0,E342732,Distribuidora,773414.26,8991834.21,SE0119,CHIMBOTE,ELNM,-78.51244884,-9.11191673899998
20260213,20241231,21360001,"13,2 kV",380/220 V,20.84,2.83,75.0,E342733,Distribuidora,770463.77,8990559.26,SE0119,CHIMBOTE,ELNM,-78.539196639,-9.12362044600002
20260213,20241231,21360009,"13,2 kV",220 V,18.05,0.0,75.0,E342737,Tercero,768939.08,8992831.96,SE0119,CHIMBOTE,ELNM,-78.553200108,-9.10317628600001
20260213,20241231,21360043,"13,2 kV",380/220 V,4.72,0.06,100.0,E342754,Distribuidora,768386.64,8993545.34,SE0119,CHIMBOTE,ELNM,-78.558266795,-9.09676334599999
20260213,20241231,21360045,"13,2 kV",380/220 V,9.49,0.0,210.0,E342755,Tercero,768205.62,8990724.56,SE0119,CHIMBOTE,ELNM,-78.55973961,-9.12226514600002
20260213,20241231,21360049,"13,2 kV",220 V,19.06,0.07,25.0,E342757,Distribuidora,773656.08,8987990.05,SE0119,CHIMBOTE,ELNM,-78.510009009,-9.14663919200001
20260213,20241231,21360067,"13,2 kV",220 V,16.05,0.71,50.0,E342766,Distribuidora,765303.3,8995974.24,SE0119,CHIMBOTE,ELNM,-78.586448247,-9.07500022099998
20260213,20241231,21358207,"13,2 kV",380/220 V,7.15,1.12,37.5,E342324,Distribuidora,766480.27,8998521.44,SE0119,CHIMBOTE,ELNM,-78.575901977,-9.05191052800001
20260213,20241231,21358209,"13,2 kV",380/220 V,26.74,2.07,75.0,E342325,Distribuidora,770995.83,8992634.94,SE0119,CHIMBOTE,ELNM,-78.534487521,-9.10483054500003
20260213,20241231,21358211,"13,2 kV",380/220 V,18.28,2.36,37.5,E342326,Distribuidora,773110.81,8989282.38,SE0119,CHIMBOTE,ELNM,-78.515048214,-9.13499512999999
20260213,20241231,21358213,"13,2 kV",380/220 V,29.88,2.83,75.0,E342327,Distribuidora,774494.64,8988882.36,SE0119,CHIMBOTE,ELNM,-78.502440181,-9.13852348500001
20260213,20241231,21358215,"13,2 kV",380/220 V,12.12,1.12,75.0,E342328,Distribuidora,774529.89,8988950.42,SE0119,CHIMBOTE,ELNM,-78.502123947,-9.137906262
20260213,20241231,21358217,"13,2 kV",380/220 V,23.93,2.18,75.0,E342329,Distribuidora,774580.0,8988730.61,SE0119,CHIMBOTE,ELNM,-78.501654456,-9.13988940899998
20260213,20241231,21358219,"13,2 kV",380/220 V,10.16,1.48,50.0,E342330,Distribuidora,774738.43,8988909.08,SE0119,CHIMBOTE,ELNM,-78.500225131,-9.13826676500003
20260213,20241231,21358221,"13,2 kV",380/220 V,13.03,1.3,50.0,E342331,Distribuidora,774632.53,8988518.88,SE0119,CHIMBOTE,ELNM,-78.501163462,-9.14179938900003
20260213,20241231,21358231,"13,2 kV",380/220 V,76.5,0.0,100.0,E342336,Tercero,763968.71,8999249.05,SE0119,CHIMBOTE,ELNM,-78.598778718,-9.04548552300002
20260213,20241231,21358233,"13,2 kV",380/220 V,10.01,1.42,50.0,E342337,Distribuidora,774518.33,8989209.05,SE0119,CHIMBOTE,ELNM,-78.502245349,-9.13556990799998
20260213,20241231,21358235,"13,2 kV",380/220 V,10.93,0.94,25.0,E342338,Distribuidora,774577.53,8989072.95,SE0119,CHIMBOTE,ELNM,-78.501698486,-9.13679605300001
20260213,20241231,21358237,"13,2 kV",380/220 V,8.15,1.0,25.0,E342339,Distribuidora,774684.54,8988186.34,SE0119,CHIMBOTE,ELNM,-78.500669568,-9.14480108100003
20260213,20241231,21358239,"13,2 kV",380/220 V,13.33,1.3,75.0,E342340,Distribuidora,774780.42,8988095.02,SE0119,CHIMBOTE,ELNM,-78.499791973,-9.14562026900001
20260213,20241231,21358255,"13,2 kV",380/220 V,13.25,0.0,75.0,E342348,Tercero,767070.38,8998270.67,SE0119,CHIMBOTE,ELNM,-78.570522002,-9.05414115000002
20260213,20241231,21358271,"13,2 kV",380/220 V,19.56,1.48,50.0,E342356,Distribuidora,767950.34,8993942.33,SE0119,CHIMBOTE,ELNM,-78.562257991,-9.09320238499998
20260213,20241231,21358273,"13,2 kV",380/220 V,17.02,2.19,50.0,E342357,Distribuidora,768046.17,8993831.37,SE0119,CHIMBOTE,ELNM,-78.561379907,-9.09419928099999
20260213,20241231,21358275,"13,2 kV",380/220 V,29.43,2.3,75.0,E342358,Distribuidora,768159.93,8993973.39,SE0119,CHIMBOTE,ELNM,-78.560354286,-9.09290895399999
20260213,20241231,21358277,"13,2 kV",380/220 V,19.73,1.7,50.0,E342359,Distribuidora,765518.3,8996148.23,SE0119,CHIMBOTE,ELNM,-78.58450404,-9.07341495700001
20260213,20241231,21358279,"13,2 kV",380/220 V,13.26,1.24,37.5,E342360,Distribuidora,766397.92,8997103.06,SE0119,CHIMBOTE,ELNM,-78.57656471,-9.06473327100002
20260213,20241231,21358281,"13,2 kV",380/220 V,17.14,2.01,75.0,E342361,Distribuidora,766612.23,8997066.88,SE0119,CHIMBOTE,ELNM,-78.574614127,-9.06504730799998
20260213,20241231,21358283,"13,2 kV",380/220 V,27.09,2.38,75.0,E342362,Distribuidora,770549.56,8990500.74,SE0119,CHIMBOTE,ELNM,-78.53841295,-9.12414398599998
20260213,20241231,21358285,"13,2 kV",380/220 V,25.94,2.29,75.0,E342363,Distribuidora,770441.83,8990604.94,SE0119,CHIMBOTE,ELNM,-78.539398963,-9.123209003
20260213,20241231,21358287,"13,2 kV",380/220 V,16.27,2.14,50.0,E342364,Distribuidora,769695.63,8990631.66,SE0119,CHIMBOTE,ELNM,-78.546185588,-9.12301342500001
20260213,20241231,21358289,"13,2 kV",220 V,17.73,0.9,50.0,E342366,Distribuidora,771926.58,8989846.67,SE0119,CHIMBOTE,ELNM,-78.525851425,-9.12996947300002
20260213,20241231,21358293,"13,2 kV",220 V,0.1,0.0,200.0,E342368,Tercero,766731.95,8994340.39,SE0119,CHIMBOTE,ELNM,-78.573359968,-9.08967907599998
20260213,20241231,21358327,"13,2 kV",440/220 V,0.3,0.0,200.0,E342385,Tercero,768290.25,8991736.39,SE0119,CHIMBOTE,ELNM,-78.559032237,-9.1131163
20260213,20241231,21358341,"13,2 kV",380/220 V,1.0,1.0,10.0,E342392,Tercero,769536.0,9007251.0,SE0119,CHIMBOTE,ELNM,-78.548654433,-8.97283868099998
20260213,20241231,21358343,"13,2 kV",380/220 V,1.0,1.0,25.0,E342393,Tercero,770068.0,9008554.0,SE0119,CHIMBOTE,ELNM,-78.543898289,-8.96103167199999
20260213,20241231,21358345,"13,2 kV",380/220 V,1.0,1.0,10.0,E342394,Tercero,771255.07,9010915.42,SE0119,CHIMBOTE,ELNM,-78.533253324,-8.93962044900002
20260213,20241231,21358349,"13,2 kV",380/220 V,18.47,1.06,37.5,E342396,Distribuidora,766716.62,8996961.72,SE0119,CHIMBOTE,ELNM,-78.573658688,-9.06599133100002
20260213,20241231,21358365,"13,2 kV",380/220 V,37.47,2.47,75.0,E342404,Distribuidora,767833.54,8993796.26,SE0119,CHIMBOTE,ELNM,-78.563311014,-9.09452949199999
20260213,20241231,21358373,"13,2 kV",220 V,7.35,0.0,150.0,E342408,Distribuidora,771777.61,8990029.01,SE0119,CHIMBOTE,ELNM,-78.527217334,-9.12833097499998
20260213,20241231,21359651,"13,2 kV",380/220 V,7.43,0.87,15.0,E342552,Distribuidora,771971.25,8992143.72,SE0119,CHIMBOTE,ELNM,-78.525588309,-9.10920931300001
20260213,20241231,21359653,"13,2 kV",440/220 V,161.08,0.0,6200.0,E342553,Tercero,768266.84,8991889.29,SE0119,CHIMBOTE,ELNM,-78.559254479,-9.11173600500001
20260213,20241231,21359659,"13,2 kV",380/220 V,10.68,0.0,50.0,E342557,Tercero,762958.45,8999585.24,SE0119,CHIMBOTE,ELNM,-78.607983216,-9.04250740399999
20260213,20241231,21359661,"13,2 kV",220 V,2.69,0.0,25.0,E342558,Distribuidora,766061.21,8995571.88,SE0119,CHIMBOTE,ELNM,-78.579533119,-9.07859072100001
20260213,20241231,21359665,"13,2 kV",220 V,7.01,0.0,15.0,E342560,Tercero,768552.95,8992215.24,SE0119,CHIMBOTE,ELNM,-78.556673043,-9.10877301099998
20260213,20241231,21358413,"13,2 kV",220 V,14.46,0.0,100.0,E342428,Tercero,770001.71,8993307.64,SE0119,CHIMBOTE,ELNM,-78.543567777,-9.09881267100002
20260213,20241231,21358423,"13,2 kV",380/220 V,24.31,0.0,200.0,E342433,Tercero,772713.09,8989140.84,SE0119,CHIMBOTE,ELNM,-78.518655756,-9.136298899
20260213,20241231,21358425,"13,2 kV",220 V,5.11,1.0,15.0,E342434,Distribuidora,768234.55,8993280.84,SE0119,CHIMBOTE,ELNM,-78.559633412,-9.09916284000002
20260213,20241231,21358427,"13,2 kV",220 V,13.25,1.0,15.0,E342435,Distribuidora,768454.29,8993141.47,SE0119,CHIMBOTE,ELNM,-78.557626944,-9.10040890599998
20260213,20241231,21358429,"13,2 kV",440/220 V,7.61,5.73,25.0,E342436,Distribuidora,768717.32,8992816.7,SE0119,CHIMBOTE,ELNM,-78.555215474,-9.103327729
20260213,20241231,21358431,"13,2 kV",220 V,8.56,1.0,15.0,E342437,Distribuidora,769166.29,8992404.0,SE0119,CHIMBOTE,ELNM,-78.551107922,-9.10702975499999
20260213,20241231,21358433,"13,2 kV",220 V,8.52,1.0,15.0,E342438,Distribuidora,769525.27,8992067.54,SE0119,CHIMBOTE,ELNM,-78.547823215,-9.11004826999999
20260213,20241231,21358435,"13,2 kV",380/220 V,38.25,0.0,50.0,E342440,Distribuidora,768853.17,9004021.77,SE0119,CHIMBOTE,ELNM,-78.554664859,-9.00206176099999
20260213,20241231,21358437,"13,2 kV",220 V,52.33,0.0,125.0,E342441,Tercero,766421.87,8994293.04,SE0119,CHIMBOTE,ELNM,-78.576176359,-9.09012572300003
20260213,20241231,21359679,"13,2 kV",220 V,35.42,0.0,400.0,E342567,Tercero,772187.0,8989750.02,SE0119,CHIMBOTE,ELNM,-78.523477461,-9.13082671000001
20260213,20241231,21359689,"13,2 kV",220 V,9.43,0.0,15.0,E342573,Tercero,769865.02,9004654.34,SE0119,CHIMBOTE,ELNM,-78.545505994,-8.99628417500003
20260213,20241231,21359691,"13,2 kV",220 V,1.85,1.0,100.0,E342574,Distribuidora,768592.18,8992559.05,SE0119,CHIMBOTE,ELNM,-78.556337463,-9.10566368799999
20260213,20241231,21359693,"13,2 kV",220 V,4.42,0.0,25.0,E342575,Distribuidora,763898.53,8996104.72,SE0119,CHIMBOTE,ELNM,-78.599228015,-9.073905239
20260213,20241231,21359695,"13,2 kV",440/220 V,25.61,2.7,37.0,E342576,Distribuidora,766216.84,8995021.8,SE0119,CHIMBOTE,ELNM,-78.578084773,-9.08355236599999
20260213,20241231,21358449,"13,2 kV",380/220 V,13.77,1.18,75.0,E342447,Distribuidora,768115.38,8994706.42,SE0119,CHIMBOTE,ELNM,-78.560804188,-9.08628742000002
20260213,20241231,21358457,"13,2 kV",220 V,26.71,0.0,75.0,E342451,Tercero,764939.44,8995862.83,SE0119,CHIMBOTE,ELNM,-78.589749662,-9.07602887799999
20260213,20241231,21358459,"13,2 kV",440/220 V,1.0,1.0,250.0,E342452,Tercero,766926.97,8994258.07,SE0119,CHIMBOTE,ELNM,-78.571581821,-9.09041118800002
20260213,20241231,21358461,"13,2 kV",380/220 V,15.84,1.65,75.0,E342453,Distribuidora,767990.61,8994523.6,SE0119,CHIMBOTE,ELNM,-78.561927407,-9.08794711199999
20260213,20241231,21358463,"13,2 kV",380/220 V,15.0,2.07,50.0,E342454,Distribuidora,774966.44,8990337.5,SE0119,CHIMBOTE,ELNM,-78.49824195,-9.12534477200001
20260213,20241231,21358465,"13,2 kV",380/220 V,15.24,2.24,75.0,E342455,Distribuidora,775076.46,8990434.39,SE0119,CHIMBOTE,ELNM,-78.497247706,-9.12446234999999
20260213,20241231,21358473,"13,2 kV",380/220 V,19.09,2.6,75.0,E342459,Distribuidora,774826.27,8988703.86,SE0119,CHIMBOTE,ELNM,-78.499413477,-9.14011570100001
20260213,20241231,21358475,"13,2 kV",380/220 V,9.17,2.61,50.0,E342460,Distribuidora,767992.55,8995225.93,SE0119,CHIMBOTE,ELNM,-78.561952698,-9.08160017199998
20260213,20241231,21358477,"13,2 kV",380/220 V,19.64,1.59,75.0,E342461,Distribuidora,774669.72,8990748.94,SE0119,CHIMBOTE,ELNM,-78.500965753,-9.12164541599998
20260213,20241231,21358479,"13,2 kV",380/220 V,15.85,1.0,75.0,E342462,Distribuidora,774742.13,8990827.3,SE0119,CHIMBOTE,ELNM,-78.500312305,-9.12093279800001
20260213,20241231,21358481,"13,2 kV",380/220 V,9.8,1.12,50.0,E342463,Distribuidora,774857.86,8990759.81,SE0119,CHIMBOTE,ELNM,-78.499255799,-9.121535424
20260213,20241231,21358483,"13,2 kV",380/220 V,10.27,11.08,50.0,E342464,Distribuidora,774757.55,8990561.29,SE0119,CHIMBOTE,ELNM,-78.50015536,-9.12333559799998
20260213,20241231,21358493,"13,2 kV",380/220 V,13.18,1.77,75.0,E342469,Distribuidora,768164.07,8995401.56,SE0119,CHIMBOTE,ELNM,-78.560404013,-9.08000261900003
20260213,20241231,21358501,"13,2 kV",380/220 V,5.41,1.0,75.0,E342473,Distribuidora,764995.04,8995673.17,SE0119,CHIMBOTE,ELNM,-78.589232703,-9.07773949800003
20260213,20241231,21358503,"13,2 kV",220 V,1.7,0.0,50.0,E342474,Distribuidora,765114.42,8996116.79,SE0119,CHIMBOTE,ELNM,-78.588174114,-9.073723341
20260213,20241231,21358509,"13,2 kV",380/220 V,13.2,1.0,25.0,E342477,Distribuidora,765482.21,8997650.74,SE0119,CHIMBOTE,ELNM,-78.584922952,-9.059838985
20260213,20241231,21358511,"13,2 kV",220 V,1.57,0.72,100.0,E342478,Distribuidora,766836.64,8998449.79,SE0119,CHIMBOTE,ELNM,-78.57265783,-9.05253655799999
20260213,20241231,21367805,"13,2 kV",220 V,91.45,0.0,100.0,E343546,Distribuidora,775446.84,8991250.0,SE0119,CHIMBOTE,ELNM,-78.49393151,-9.117069018
20260213,20241231,21367993,"13,2 kV",220 V,21.21,0.0,100.0,E343548,Distribuidora,775585.25,8988371.39,SE0119,CHIMBOTE,ELNM,-78.492491186,-9.14307235699999
20260213,20241231,21367995,"13,2 kV",220 V,218.01,0.0,315.0,E343549,Distribuidora,775889.01,8988557.15,SE0119,CHIMBOTE,ELNM,-78.489740909,-9.14137466599999
20260213,20241231,21368187,"13,2 kV",440/220 V,390.24,0.0,1800.0,E343554,Tercero,768113.79,8992438.56,SE0119,CHIMBOTE,ELNM,-78.560679774,-9.10678170199998
20260213,20241231,21368189,"13,2 kV",220 V,8.45,0.0,75.0,E343555,Tercero,774463.97,8990826.7,SE0119,CHIMBOTE,ELNM,-78.502841398,-9.120955606
20260213,20241231,21368199,"13,2 kV",220 V,23.4,0.0,100.0,E343557,Tercero,764497.01,8998749.86,SE0119,CHIMBOTE,ELNM,-78.5939459,-9.04996521599998
20260213,20241231,21364397,"13,2 kV",440/220 V,1.0,1.0,250.0,E343280,Tercero,768913.58,8992245.85,SE0119,CHIMBOTE,ELNM,-78.553395926,-9.10847436699999
20260213,20241231,21364401,"13,2 kV",380/220 V,20.9,2.18,75.0,E343282,Distribuidora,767228.37,8993483.52,SE0119,CHIMBOTE,ELNM,-78.568794216,-9.09739242000001
20260213,20241231,21364403,"13,2 kV",380/220 V,21.32,1.65,75.0,E343283,Distribuidora,767303.22,8993574.03,SE0119,CHIMBOTE,ELNM,-78.568119189,-9.09656995400002
20260213,20241231,21364405,"13,2 kV",380/220 V,16.89,0.94,75.0,E343284,Distribuidora,767390.63,8993666.16,SE0119,CHIMBOTE,ELNM,-78.567330066,-9.09573208500001
20260213,20241231,21364407,"13,2 kV",380/220 V,26.5,1.3,75.0,E343285,Distribuidora,767217.45,8993658.77,SE0119,CHIMBOTE,ELNM,-78.568904198,-9.09580937499999
20260213,20241231,21364409,"13,2 kV",380/220 V,16.73,1.06,75.0,E343286,Distribuidora,767141.24,8993568.19,SE0119,CHIMBOTE,ELNM,-78.569591588,-9.09663255499999
20260213,20241231,21364411,"13,2 kV",380/220 V,17.88,2.12,100.0,E343287,Distribuidora,767094.69,8993513.64,SE0119,CHIMBOTE,ELNM,-78.570011503,-9.097128338
20260213,20241231,21364413,"13,2 kV",380/220 V,23.13,1.24,75.0,E343288,Distribuidora,767294.05,8993759.02,SE0119,CHIMBOTE,ELNM,-78.568213856,-9.09489878400001
20260213,20241231,21364415,"13,2 kV",380/220 V,22.44,1.36,75.0,E343289,Distribuidora,767143.37,8993745.64,SE0119,CHIMBOTE,ELNM,-78.569583047,-9.09502883599998
20260213,20241231,21364417,"13,2 kV",220 V,23.63,1.71,125.0,E343290,Distribuidora,767007.65,8993596.36,SE0119,CHIMBOTE,ELNM,-78.570807935,-9.09638608500001
20260213,20241231,21364421,"13,2 kV",380/220 V,12.84,1.3,75.0,E343292,Distribuidora,767101.85,8993740.6,SE0119,CHIMBOTE,ELNM,-78.569960247,-9.09507689899999
20260213,20241231,21364423,"13,2 kV",380/220 V,12.55,0.59,75.0,E343293,Distribuidora,767121.8,8993934.8,SE0119,CHIMBOTE,ELNM,-78.569790703,-9.09332073100001
20260213,20241231,21364425,"13,2 kV",380/220 V,12.58,1.0,75.0,E343294,Distribuidora,766969.12,8993735.58,SE0119,CHIMBOTE,ELNM,-78.571166746,-9.09513030800002
20260213,20241231,21364427,"13,2 kV",380/220 V,16.87,2.36,75.0,E343295,Distribuidora,766879.15,8993672.79,SE0119,CHIMBOTE,ELNM,-78.571980943,-9.095703184
20260213,20241231,21364429,"13,2 kV",380/220 V,22.95,1.36,75.0,E343296,Distribuidora,766966.38,8993937.35,SE0119,CHIMBOTE,ELNM,-78.571203958,-9.093307106
20260213,20241231,21364431,"13,2 kV",380/220 V,15.99,1.71,75.0,E343297,Distribuidora,766880.54,8993853.93,SE0119,CHIMBOTE,ELNM,-78.571979344,-9.094066161
20260213,20241231,21364433,"13,2 kV",380/220 V,21.11,0.47,75.0,E343298,Distribuidora,766955.39,8994096.53,SE0119,CHIMBOTE,ELNM,-78.571313581,-9.09186928299999
20260213,20241231,21364435,"13,2 kV",380/220 V,18.86,2.12,75.0,E343299,Distribuidora,766709.46,8993869.35,SE0119,CHIMBOTE,ELNM,-78.573535771,-9.09393717
20260213,20241231,21364437,"13,2 kV",380/220 V,9.61,0.94,75.0,E343300,Distribuidora,766790.67,8993921.41,SE0119,CHIMBOTE,ELNM,-78.572800568,-9.09346179400001
20260213,20241231,21364439,"13,2 kV",380/220 V,16.67,1.65,75.0,E343301,Distribuidora,766788.76,8994090.36,SE0119,CHIMBOTE,ELNM,-78.572828223,-9.09193512899998
20260213,20241231,21364447,"13,2 kV",380/220 V,1.0,1.0,37.5,E343305,Tercero,767862.33,8992415.93,SE0119,CHIMBOTE,ELNM,-78.562964766,-9.10700151899999
20260213,20241231,21364449,"13,2 kV",220 V,32.12,0.1,50.0,E343306,Distribuidora,771589.64,8990443.82,SE0119,CHIMBOTE,ELNM,-78.528952313,-9.12459415199999
20260213,20241231,21364457,"13,2 kV",220 V,20.96,1.0,100.0,E343310,Distribuidora,775940.15,8990270.03,SE0119,CHIMBOTE,ELNM,-78.489384307,-9.125893373
20260213,20241231,21363121,"13,2 kV",380/220 V,18.96,1.59,50.0,E343040,Distribuidora,774909.9,8987866.74,SE0119,CHIMBOTE,ELNM,-78.4986002,-9.14767496399998
20260213,20241231,21363123,"13,2 kV",220 V,45.41,1.71,75.0,E343041,Distribuidora,774925.09,8987710.6,SE0119,CHIMBOTE,ELNM,-78.498452216,-9.14908494500003
20260213,20241231,21363125,"13,2 kV",380/220 V,20.36,2.36,75.0,E343042,Distribuidora,774573.06,8987535.42,SE0119,CHIMBOTE,ELNM,-78.501642194,-9.15069001900002
20260213,20241231,21363127,"13,2 kV",380/220 V,43.75,2.3,75.0,E343043,Distribuidora,774647.52,8987441.81,SE0119,CHIMBOTE,ELNM,-78.500959213,-9.15153124300002
20260213,20241231,21363129,"13,2 kV",380/220 V,39.23,2.12,75.0,E343044,Distribuidora,774473.04,8987459.03,SE0119,CHIMBOTE,ELNM,-78.502546869,-9.15138657699998
20260213,20241231,21363131,"13,2 kV",380/220 V,23.66,1.95,50.0,E343045,Distribuidora,774730.91,8987603.08,SE0119,CHIMBOTE,ELNM,-78.500211118,-9.150068718
20260213,20241231,21363133,"13,2 kV",380/220 V,17.33,1.36,50.0,E343046,Distribuidora,774647.83,8987702.25,SE0119,CHIMBOTE,ELNM,-78.500972831,-9.14917779400002
20260213,20241231,21363135,"13,2 kV",380/220 V,13.65,2.66,75.0,E343047,Distribuidora,767371.25,8995729.43,SE0119,CHIMBOTE,ELNM,-78.567632119,-9.07708780799999
20260213,20241231,21363137,"13,2 kV",380/220 V,14.48,2.3,75.0,E343048,Distribuidora,764771.16,8998860.17,SE0119,CHIMBOTE,ELNM,-78.591460184,-9.04895195900002
20260213,20241231,21363139,"13,2 kV",380/220 V,6.67,1.18,37.5,E343049,Distribuidora,764660.89,8998913.68,SE0119,CHIMBOTE,ELNM,-78.592465883,-9.048474978
20260213,20241231,21363155,"13,2 kV",380/220 V,15.43,2.18,50.0,E343057,Distribuidora,772758.46,8991310.28,SE0119,CHIMBOTE,ELNM,-78.518378819,-9.11669195299999
20260213,20241231,21364461,"13,2 kV",380/220 V,15.15,2.55,75.0,E343312,Distribuidora,772362.52,8992905.99,SE0119,CHIMBOTE,ELNM,-78.522078263,-9.10229683300003
20260213,20241231,21364463,"13,2 kV",380/220 V,12.79,1.42,75.0,E343313,Distribuidora,772480.16,8992782.22,SE0119,CHIMBOTE,ELNM,-78.521000969,-9.10340800300003
20260213,20241231,21364465,"13,2 kV",220 V,60.88,1.0,250.0,E343314,Tercero,764637.82,8996130.35,SE0119,CHIMBOTE,ELNM,-78.592508071,-9.07362938300002
20260213,20241231,21364467,"22,9 kV",220 V,64.58,0.0,250.0,E343315,Tercero,768512.34,8992886.72,SE0119,CHIMBOTE,ELNM,-78.557083509,-9.10270748300002
20260213,20241231,21364469,"13,2 kV",440/220 V,217.61,0.0,800.0,E343316,Tercero,770002.99,8991837.73,SE0119,CHIMBOTE,ELNM,-78.543465404,-9.11209568999999
20260213,20241231,21364471,"13,2 kV",220 V,0.54,0.0,15.0,E343317,Tercero,766633.99,8994027.42,SE0119,CHIMBOTE,ELNM,-78.57423158,-9.09251327700002
20260213,20241231,21363157,"13,2 kV",380/220 V,9.32,2.3,50.0,E343058,Distribuidora,773582.08,8988366.91,SE0119,CHIMBOTE,ELNM,-78.510705574,-9.14323834499999
20260213,20241231,21363159,"13,2 kV",380/220 V,8.06,1.71,50.0,E343059,Distribuidora,773416.51,8988449.09,SE0119,CHIMBOTE,ELNM,-78.512216259,-9.14250606299998
20260213,20241231,21363163,"13,2 kV",380/220 V,23.04,2.01,50.0,E343061,Distribuidora,773124.33,8989462.14,SE0119,CHIMBOTE,ELNM,-78.51493654,-9.13336989300001
20260213,20241231,21363165,"13,2 kV",380/220 V,30.08,2.3,75.0,E343062,Distribuidora,773382.54,8989697.7,SE0119,CHIMBOTE,ELNM,-78.512603467,-9.13122518599999
20260213,20241231,21363167,"13,2 kV",380/220 V,3.6,0.0,75.0,E343063,Tercero,766566.05,8995066.95,SE0119,CHIMBOTE,ELNM,-78.574912525,-9.08312326399999
20260213,20241231,21363195,"13,2 kV",220 V,25.28,0.0,50.0,E343079,Distribuidora,767839.84,8995037.05,SE0119,CHIMBOTE,ELNM,-78.563329569,-9.08331631900001
20260213,20241231,21364507,"13,2 kV",380/220 V,28.43,0.0,125.0,E343335,Tercero,769912.08,8990100.68,SE0119,CHIMBOTE,ELNM,-78.54418463,-9.12779841999998
20260213,20241231,21364509,"13,2 kV",220 V,12.07,0.0,75.0,E343336,Distribuidora,775522.67,8990278.76,SE0119,CHIMBOTE,ELNM,-78.493180759,-9.12584070100002
20260213,20241231,21364511,"13,2 kV",220 V,39.44,0.0,100.0,E343337,Distribuidora,775964.66,8989721.38,SE0119,CHIMBOTE,ELNM,-78.489126748,-9.13084959100001
20260213,20241231,21364513,"13,2 kV",220 V,11.83,0.0,50.0,E343338,Tercero,764364.63,8998925.82,SE0119,CHIMBOTE,ELNM,-78.59515996,-9.04838296200001
20260213,20241231,21364519,"13,2 kV",440/220 V,21.89,0.0,500.0,E343341,Tercero,769149.89,8991088.95,SE0119,CHIMBOTE,ELNM,-78.551176047,-9.11891450000002
20260213,20241231,21364521,"13,2 kV",380/220 V,42.75,1.0,75.0,E343342,Distribuidora,772321.57,8993225.54,SE0119,CHIMBOTE,ELNM,-78.522470466,-9.09941174199997
20260213,20241231,21364523,"13,2 kV",380/220 V,46.5,1.0,50.0,E343343,Distribuidora,772394.42,8993310.47,SE0119,CHIMBOTE,ELNM,-78.521813402,-9.09863976399998
20260213,20241231,21364525,"13,2 kV",380/220 V,70.25,1.0,75.0,E343344,Distribuidora,772135.07,8993214.75,SE0119,CHIMBOTE,ELNM,-78.524165447,-9.09952077499997
20260213,20241231,21364527,"13,2 kV",380/220 V,37.41,0.84,50.0,E343345,Distribuidora,772221.78,8993348.5,SE0119,CHIMBOTE,ELNM,-78.523385399,-9.09830677899998
20260213,20241231,21364529,"13,2 kV",380/220 V,0.39,0.47,25.0,E343346,Distribuidora,771183.78,8993773.57,SE0119,CHIMBOTE,ELNM,-78.532849193,-9.09452962099999
20260213,20241231,21364531,"13,2 kV",380/220 V,0.87,0.35,15.0,E343347,Distribuidora,771230.0,8994668.19,SE0119,CHIMBOTE,ELNM,-78.532484344,-9.08644244800001
20260213,20241231,21364533,"13,2 kV",380/220 V,1.23,0.41,15.0,E343348,Distribuidora,771326.58,8995987.62,SE0119,CHIMBOTE,ELNM,-78.531687878,-9.07451334000001
20260213,20241231,21364535,"13,2 kV",380/220 V,2.29,0.53,15.0,E343349,Distribuidora,771831.82,8995738.35,SE0119,CHIMBOTE,ELNM,-78.527079112,-9.07673481699999
20260213,20241231,21364547,"13,2 kV",220 V,3.89,0.0,160.0,E343355,Distribuidora,770744.11,8990114.64,SE0119,CHIMBOTE,ELNM,-78.536620013,-9.12762103400001
20260213,20241231,21364549,"13,2 kV",220 V,50.82,0.0,100.0,E343356,Distribuidora,775752.06,8988717.92,SE0119,CHIMBOTE,ELNM,-78.490996344,-9.13993051800003
20260213,20241231,21364551,"13,2 kV",440/220 V,16.71,2.18,75.0,E343357,Distribuidora,770762.49,8992596.97,SE0119,CHIMBOTE,ELNM,-78.536606741,-9.105188027
20260213,20241231,21364553,"13,2 kV",380/220 V,35.69,0.0,250.0,E343358,Tercero,765012.57,8995841.49,SE0119,CHIMBOTE,ELNM,-78.589083488,-9.07621733899998
20260213,20241231,21364559,"13,2 kV",380/220 V,16.04,0.94,37.5,E343361,Distribuidora,767481.6,8995677.81,SE0119,CHIMBOTE,ELNM,-78.566625703,-9.077547606
20260213,20241231,21364565,"13,2 kV",380/220 V,20.71,1.89,50.0,E343364,Distribuidora,773048.78,8989327.41,SE0119,CHIMBOTE,ELNM,-78.515615061,-9.13459207900002
20260213,20241231,21364567,"13,2 kV",380/220 V,16.75,1.89,50.0,E343365,Distribuidora,772849.75,8989108.31,SE0119,CHIMBOTE,ELNM,-78.517411089,-9.13658435600001
20260213,20241231,21364569,"13,2 kV",380/220 V,7.71,1.65,50.0,E343366,Distribuidora,774851.32,8988334.35,SE0119,CHIMBOTE,ELNM,-78.499162387,-9.143453153
20260213,20241231,21364571,"13,2 kV",220 V,22.85,0.0,100.0,E343367,Distribuidora,764973.91,8999240.89,SE0119,CHIMBOTE,ELNM,-78.589639863,-9.04549926099997
20260213,20241231,21364575,"13,2 kV",380/220 V,76.5,0.0,100.0,E343369,Tercero,769954.02,8991362.66,SE0119,CHIMBOTE,ELNM,-78.543881311,-9.11639174700002
20260213,20241231,21363267,"13,2 kV",440/220 V,60.98,0.0,400.0,E343116,Tercero,768086.79,8992371.46,SE0119,CHIMBOTE,ELNM,-78.560921155,-9.107389716
20260213,20241231,21363273,"13,2 kV",220 V,38.25,0.0,50.0,E343119,Tercero,764254.11,8999338.12,SE0119,CHIMBOTE,ELNM,-78.596189458,-9.04466357899997
20260213,20241231,21363285,"13,2 kV",440/220 V,13.37,1.0,25.0,E343127,Distribuidora,763176.44,8996298.74,SE0119,CHIMBOTE,ELNM,-78.605804788,-9.07219494899999
20260213,20241231,21364583,"13,2 kV",220 V,5.36,0.0,50.0,E343373,Distribuidora,772407.36,8999323.22,SE0119,CHIMBOTE,ELNM,-78.522068754,-9.04430449400002
20260213,20241231,21364585,"13,2 kV",380/220 V,24.46,2.77,75.0,E343374,Distribuidora,775161.35,8990528.61,SE0119,CHIMBOTE,ELNM,-78.49648179,-9.12360562800001
20260213,20241231,21364587,"13,2 kV",380/220 V,16.04,2.42,75.0,E343375,Distribuidora,775313.42,8990365.82,SE0119,CHIMBOTE,ELNM,-78.495088843,-9.12506712200002
20260213,20241231,21364589,"13,2 kV",380/220 V,5.65,1.42,50.0,E343376,Distribuidora,775414.96,8990256.8,SE0119,CHIMBOTE,ELNM,-78.494158719,-9.126045895
20260213,20241231,21364591,"13,2 kV",380/220 V,12.3,2.48,75.0,E343377,Distribuidora,775368.81,8990697.55,SE0119,CHIMBOTE,ELNM,-78.494606141,-9.12206602800001
20260213,20241231,21364593,"13,2 kV",380/220 V,9.98,2.18,75.0,E343378,Distribuidora,775506.33,8990547.82,SE0119,CHIMBOTE,ELNM,-78.493346313,-9.12341041399998
20260213,20241231,21364595,"13,2 kV",380/220 V,8.46,1.59,50.0,E343379,Distribuidora,775605.67,8990436.23,SE0119,CHIMBOTE,ELNM,-78.492436032,-9.12441254399999
20260213,20241231,21364597,"13,2 kV",220 V,2.55,0.0,50.0,E343380,Tercero,770609.89,8992439.77,SE0119,CHIMBOTE,ELNM,-78.537984486,-9.10661797099999
20260213,20241231,21364599,"13,2 kV",220 V,1.0,1.0,37.5,E343381,Distribuidora,769597.55,8991665.03,SE0119,CHIMBOTE,ELNM,-78.547141189,-9.11368120100002
20260213,20241231,21364613,"13,2 kV",220 V,62.79,1.0,125.0,E343388,Distribuidora,776022.48,8989421.06,SE0119,CHIMBOTE,ELNM,-78.488582009,-9.13355973199998
20260213,20241231,21364615,"13,2 kV",220 V,74.41,0.0,125.0,E343389,Distribuidora,776195.15,8989928.87,SE0119,CHIMBOTE,ELNM,-78.487044152,-9.12896015600001
20260213,20241231,21364617,"13,2 kV",380/220 V,70.25,1.0,75.0,E343390,Distribuidora,775086.1,8988599.48,SE0119,CHIMBOTE,ELNM,-78.497044299,-9.14104261799997
20260213,20241231,21364619,"13,2 kV",380/220 V,1.02,1.0,25.0,E343391,Distribuidora,775081.45,8988562.66,SE0119,CHIMBOTE,ELNM,-78.497084255,-9.14137562799999
20260213,20241231,21363287,"13,2 kV",380/220 V,13.87,1.0,15.0,E343128,Distribuidora,763733.47,8996678.59,SE0119,CHIMBOTE,ELNM,-78.600763182,-9.06872899299998
20260213,20241231,21363289,"13,2 kV",380/220 V,2.6,5.05,10.0,E343129,Distribuidora,764245.9,8997020.83,SE0119,CHIMBOTE,ELNM,-78.596124906,-9.06560554100002
20260213,20241231,21363291,"13,2 kV",380/220 V,2.56,5.09,10.0,E343130,Distribuidora,764728.87,8997203.93,SE0119,CHIMBOTE,ELNM,-78.591744969,-9.06392196600001
20260213,20241231,21363293,"13,2 kV",380/220 V,5.57,1.0,160.0,E343131,Distribuidora,772607.01,8992755.57,SE0119,CHIMBOTE,ELNM,-78.519845983,-9.10364097299998
20260213,20241231,21363295,"13,2 kV",380/220 V,3.24,1.89,160.0,E343132,Distribuidora,772823.01,8992944.39,SE0119,CHIMBOTE,ELNM,-78.517893875,-9.10192131899998
20260213,20241231,21363297,"13,2 kV",440/220 V,309.74,0.0,550.0,E343133,Tercero,768224.47,8992455.82,SE0119,CHIMBOTE,ELNM,-78.559674485,-9.10661898199999
20260213,20241231,21363299,"13,2 kV",440/220 V,1.0,1.0,800.0,E343134,Tercero,768119.33,8992435.83,SE0119,CHIMBOTE,ELNM,-78.560629234,-9.10680603499998
20260213,20241231,21363303,"13,2 kV",220 V,48.92,0.0,100.0,E343136,Distribuidora,775728.78,8989992.4,SE0119,CHIMBOTE,ELNM,-78.491288625,-9.128415399
20260213,20241231,21364621,"13,2 kV",380/220 V,17.8,1.33,25.0,E343392,Distribuidora,775182.27,8988397.9,SE0119,CHIMBOTE,ELNM,-78.496157106,-9.14285812499998
20260213,20241231,21364641,"13,2 kV",220 V,18.06,0.0,50.0,E343402,Distribuidora,765200.4,9001288.56,SE0119,CHIMBOTE,ELNM,-78.587704,-9.02698090500002
20260213,20241231,21364643,"13,2 kV",220 V,48.13,0.0,50.0,E343403,Distribuidora,765245.47,9001344.92,SE0119,CHIMBOTE,ELNM,-78.587297675,-9.02646888700002
20260213,20241231,21364649,"13,2 kV",380/220 V,1.42,1.0,75.0,E343406,Distribuidora,771864.33,8993254.22,SE0119,CHIMBOTE,ELNM,-78.526629462,-9.09918082299998
20260213,20241231,21364651,"13,2 kV",380/220 V,1.71,1.0,75.0,E343407,Distribuidora,771918.93,8993422.17,SE0119,CHIMBOTE,ELNM,-78.526143472,-9.09765976300002
20260213,20241231,21364653,"13,2 kV",380/220 V,0.29,1.0,50.0,E343408,Distribuidora,771724.5,8993392.95,SE0119,CHIMBOTE,ELNM,-78.527909406,-9.09793581000002
20260213,20241231,21364657,"13,2 kV",220 V,18.55,0.0,100.0,E343410,Distribuidora,763797.12,8999781.98,SE0119,CHIMBOTE,ELNM,-78.600370576,-9.040679608
20260213,20241231,21363329,"13,2 kV",380/220 V,377.7,0.0,2500.0,E343150,Tercero,768399.43,8993072.84,SE0119,CHIMBOTE,ELNM,-78.558121534,-9.101032444
20260213,20241231,21363331,"13,2 kV",380/220 V,7.07,0.0,50.0,E343151,Tercero,770516.44,8990822.1,SE0119,CHIMBOTE,ELNM,-78.538734014,-9.12124201400002
20260213,20241231,21363335,"13,2 kV",380/220 V,169.67,0.0,500.0,E343153,Tercero,768549.18,8992841.95,SE0119,CHIMBOTE,ELNM,-78.556745801,-9.10310981200001
20260213,20241231,21363337,"13,2 kV",380/220 V,331.0,0.0,1000.0,E343154,Tercero,768446.43,8992828.55,SE0119,CHIMBOTE,ELNM,-78.557679212,-9.10323717099999
20260213,20241231,21363339,"13,2 kV",380/220 V,107.37,0.0,630.0,E343155,Tercero,768391.87,8992978.55,SE0119,CHIMBOTE,ELNM,-78.558184489,-9.101884982
20260213,20241231,21363341,"13,2 kV",380/220 V,140.24,0.0,630.0,E343156,Tercero,768425.09,8992993.79,SE0119,CHIMBOTE,ELNM,-78.557883379,-9.101745236
20260213,20241231,21363349,"13,2 kV",220 V,29.99,0.0,100.0,E343160,Tercero,771079.18,8990627.87,SE0119,CHIMBOTE,ELNM,-78.533605181,-9.12296250499998
20260213,20241231,21363351,"13,2 kV",220 V,11.61,0.0,100.0,E343161,Distribuidora,775680.61,8990817.34,SE0119,CHIMBOTE,ELNM,-78.491778716,-9.12096401299999
20260213,20241231,21363353,"13,2 kV",220 V,8.58,0.65,50.0,E343162,Distribuidora,766489.23,8997735.25,SE0119,CHIMBOTE,ELNM,-78.575772895,-9.05901472199997
20260213,20241231,21363355,"13,2 kV",220 V,19.94,0.0,100.0,E343163,Distribuidora,767466.33,8995900.4,SE0119,CHIMBOTE,ELNM,-78.5667781,-9.07553701900002
20260213,20241231,21363357,"13,2 kV",380/220 V,171.65,0.0,500.0,E343164,Tercero,770873.46,8990875.4,SE0119,CHIMBOTE,ELNM,-78.535491076,-9.12073836399998
20260213,20241231,21363383,"13,2 kV",380/220 V,8.95,1.0,25.0,E343178,Distribuidora,770553.65,8990229.7,SE0119,CHIMBOTE,ELNM,-78.538358958,-9.12659302200001
20260213,20241231,21363385,"13,2 kV",380/220 V,28.44,1.0,100.0,E343179,Distribuidora,770541.07,8990082.14,SE0119,CHIMBOTE,ELNM,-78.538464195,-9.127927242
20260213,20241231,21363387,"13,2 kV",380/220 V,19.67,1.0,75.0,E343180,Distribuidora,770246.29,8989782.35,SE0119,CHIMBOTE,ELNM,-78.541125998,-9.130654494
20260213,20241231,21363389,"13,2 kV",380/220 V,26.1,1.95,100.0,E343181,Distribuidora,770398.91,8990112.27,SE0119,CHIMBOTE,ELNM,-78.539758695,-9.12766372599998
20260213,20241231,21363391,"13,2 kV",380/220 V,18.36,1.48,75.0,E343182,Distribuidora,770243.5,8990016.89,SE0119,CHIMBOTE,ELNM,-78.541165898,-9.12853521099998
20260213,20241231,21363393,"13,2 kV",380/220 V,23.84,1.65,100.0,E343183,Distribuidora,770153.49,8989955.36,SE0119,CHIMBOTE,ELNM,-78.541980533,-9.12909677699997
20260213,20241231,21363395,"13,2 kV",380/220 V,28.32,2.36,160.0,E343184,Distribuidora,770110.7,8989963.14,SE0119,CHIMBOTE,ELNM,-78.542370098,-9.12902910499997
20260213,20241231,21363401,"13,2 kV",380/220 V,38.71,3.69,160.0,E343187,Distribuidora,770245.32,8990056.87,SE0119,CHIMBOTE,ELNM,-78.541151826,-9.12817381399998
20260213,20241231,21363415,"13,2 kV",380/220 V,1.77,1.36,75.0,E343195,Distribuidora,772741.83,8992733.47,SE0119,CHIMBOTE,ELNM,-78.518618815,-9.10383232800001
20260213,20241231,21363417,"13,2 kV",380/220 V,1.59,1.0,75.0,E343196,Distribuidora,772843.91,8992815.76,SE0119,CHIMBOTE,ELNM,-78.517695832,-9.10308238900001
20260213,20241231,21363419,"13,2 kV",380/220 V,70.25,1.0,75.0,E343197,Distribuidora,772785.92,8992811.96,SE0119,CHIMBOTE,ELNM,-78.518222841,-9.10312032100001
20260213,20241231,21363421,"13,2 kV",380/220 V,27.75,0.56,37.0,E343198,Distribuidora,772989.19,8992782.12,SE0119,CHIMBOTE,ELNM,-78.516372845,-9.10337736899999
20260213,20241231,21365521,"13,2 kV",220 V,31.64,0.0,125.0,E343413,Distribuidora,776114.2,8990407.55,SE0119,CHIMBOTE,ELNM,-78.487810477,-9.12463976200002
20260213,20241231,21365527,"13,2 kV",220 V,72.19,1.0,150.0,E343416,Distribuidora,775955.4,8989200.19,SE0119,CHIMBOTE,ELNM,-78.48917796,-9.135559796
20260213,20241231,21365529,"13,2 kV",220 V,83.21,0.0,100.0,E343417,Distribuidora,776207.74,8989437.19,SE0119,CHIMBOTE,ELNM,-78.486898539,-9.13340231699999
20260213,20241231,21365533,"13,2 kV",440/220 V,820.8,0.0,1000.0,E343419,Tercero,766261.29,8994430.92,SE0119,CHIMBOTE,ELNM,-78.577644746,-9.08888941499998
20260213,20241231,21365537,"13,2 kV",220 V,5.47,0.0,50.0,E343421,Distribuidora,767645.77,8992705.19,SE0119,CHIMBOTE,ELNM,-78.564951525,-9.10440070700002
20260213,20241231,21365539,"13,2 kV",380/220 V,27.79,2.12,50.0,E343422,Distribuidora,766722.42,8995657.11,SE0119,CHIMBOTE,ELNM,-78.573526709,-9.07778060300001
20260213,20241231,21365541,"13,2 kV",380/220 V,42.78,3.46,75.0,E343423,Distribuidora,766830.67,8995894.19,SE0119,CHIMBOTE,ELNM,-78.572556941,-9.07563159599999
20260213,20241231,21365543,"13,2 kV",380/220 V,46.51,3.3,75.0,E343424,Distribuidora,766718.42,8995807.96,SE0119,CHIMBOTE,ELNM,-78.573572244,-9.07641762899999
20260213,20241231,21365545,"13,2 kV",380/220 V,35.61,2.3,75.0,E343425,Distribuidora,766956.67,8996029.11,SE0119,CHIMBOTE,ELNM,-78.571419593,-9.07440472500002
20260213,20241231,21365547,"13,2 kV",380/220 V,16.69,1.65,37.5,E343426,Distribuidora,766933.41,8995808.97,SE0119,CHIMBOTE,ELNM,-78.571617676,-9.07639550900001
20260213,20241231,21365553,"22,9 kV",440/220 V,245.86,0.0,1000.0,E343429,Tercero,768357.55,8992190.84,SE0119,CHIMBOTE,ELNM,-78.558448207,-9.109005432
20260213,20241231,21365555,"13,2 kV",380/220 V,28.44,1.31,75.0,E343430,Distribuidora,765177.21,8995895.07,SE0119,CHIMBOTE,ELNM,-78.587589847,-9.07572325199999
20260213,20241231,21365557,"13,2 kV",380/220 V,36.44,2.52,75.0,E343431,Distribuidora,765260.94,8995855.27,SE0119,CHIMBOTE,ELNM,-78.586826185,-9.07607789500003
20260213,20241231,21365559,"13,2 kV",380/220 V,23.85,1.61,75.0,E343432,Distribuidora,765232.56,8995864.99,SE0119,CHIMBOTE,ELNM,-78.587084798,-9.07599176000002
20260213,20241231,21365561,"13,2 kV",380/220 V,9.03,5.92,75.0,E343433,Distribuidora,765217.6,8995802.02,SE0119,CHIMBOTE,ELNM,-78.587217006,-9.07656171799999
20260213,20241231,21365563,"13,2 kV",380/220 V,13.95,1.57,75.0,E343434,Distribuidora,765316.6,8995727.97,SE0119,CHIMBOTE,ELNM,-78.586312439,-9.07722495799999
20260213,20241231,21365565,"13,2 kV",380/220 V,23.4,1.53,75.0,E343435,Distribuidora,765482.16,8995791.0,SE0119,CHIMBOTE,ELNM,-78.584811008,-9.07664540500002
20260213,20241231,21365567,"13,2 kV",380/220 V,11.06,0.53,50.0,E343436,Distribuidora,765415.22,8995923.28,SE0119,CHIMBOTE,ELNM,-78.585427614,-9.07545401900001
20260213,20241231,21365569,"13,2 kV",380/220 V,22.63,2.54,75.0,E343438,Distribuidora,768237.81,8994211.09,SE0119,CHIMBOTE,ELNM,-78.559660751,-9.09075616899997
20260213,20241231,21365571,"13,2 kV",380/220 V,22.17,2.7,75.0,E343439,Distribuidora,768310.74,8994285.57,SE0119,CHIMBOTE,ELNM,-78.559002233,-9.09007867100001
20260213,20241231,21365573,"13,2 kV",380/220 V,19.56,2.36,75.0,E343440,Distribuidora,768171.01,8994306.74,SE0119,CHIMBOTE,ELNM,-78.560273951,-9.08989586400003
20260213,20241231,21365575,"13,2 kV",380/220 V,7.55,1.12,37.5,E343441,Distribuidora,768172.35,8994446.73,SE0119,CHIMBOTE,ELNM,-78.560270335,-9.088630722
20260213,20241231,21365577,"13,2 kV",380/220 V,22.94,3.01,75.0,E343442,Distribuidora,768115.7,8994473.34,SE0119,CHIMBOTE,ELNM,-78.560787021,-9.088393698
20260213,20241231,21365579,"13,2 kV",380/220 V,21.06,2.12,75.0,E343443,Distribuidora,765988.16,8996702.61,SE0119,CHIMBOTE,ELNM,-78.580265787,-9.06837678699998
20260213,20241231,21365581,"13,2 kV",380/220 V,24.99,2.01,75.0,E343444,Distribuidora,765927.89,8996856.02,SE0119,CHIMBOTE,ELNM,-78.580823023,-9.066994056
20260213,20241231,21365583,"13,2 kV",380/220 V,42.72,2.07,75.0,E343445,Distribuidora,766100.66,8996996.23,SE0119,CHIMBOTE,ELNM,-78.57926077,-9.06571658899998
20260213,20241231,21365585,"13,2 kV",380/220 V,37.08,1.24,75.0,E343446,Distribuidora,766284.37,8997231.72,SE0119,CHIMBOTE,ELNM,-78.577604841,-9.06357742199998
20260213,20241231,21365587,"13,2 kV",380/220 V,18.42,1.3,75.0,E343447,Distribuidora,766306.55,8997087.19,SE0119,CHIMBOTE,ELNM,-78.577394435,-9.06488219200003
20260213,20241231,21365589,"13,2 kV",380/220 V,52.68,2.36,75.0,E343448,Distribuidora,766211.13,8997018.0,SE0119,CHIMBOTE,ELNM,-78.578257752,-9.06551320400001
20260213,20241231,21365591,"13,2 kV",380/220 V,19.05,1.59,50.0,E343449,Distribuidora,766099.83,8997137.86,SE0119,CHIMBOTE,ELNM,-78.579276893,-9.06443673799998
20260213,20241231,21365593,"13,2 kV",220 V,30.21,0.0,50.0,E343450,Distribuidora,776036.77,8989974.57,SE0119,CHIMBOTE,ELNM,-78.488487108,-9.12855716000001
20260213,20241231,21365595,"13,2 kV",380/220 V,0.88,1.0,75.0,E343451,Distribuidora,772090.83,8993259.09,SE0119,CHIMBOTE,ELNM,-78.524570432,-9.09912282800002
20260213,20241231,21365597,"13,2 kV",380/220 V,1.77,1.0,75.0,E343452,Distribuidora,772203.66,8993337.45,SE0119,CHIMBOTE,ELNM,-78.523549458,-9.09840775200001
20260213,20241231,21365599,"13,2 kV",380/220 V,70.25,1.0,75.0,E343453,Distribuidora,772200.13,8993528.58,SE0119,CHIMBOTE,ELNM,-78.523593436,-9.096680816
20260213,20241231,21365607,"13,2 kV",380/220 V,1.94,1.0,75.0,E343457,Distribuidora,772747.85,8993018.27,SE0119,CHIMBOTE,ELNM,-78.518581834,-9.10125835899998
20260213,20241231,21364241,"13,2 kV",220 V,9.42,1.0,125.0,E343202,Distribuidora,772514.55,9000012.06,SE0119,CHIMBOTE,ELNM,-78.521136937,-9.03807316500001
20260213,20241231,21364243,"13,2 kV",220 V,13.27,0.0,50.0,E343203,Tercero,767595.05,8993803.62,SE0119,CHIMBOTE,ELNM,-78.565479844,-9.094477471
20260213,20241231,21364249,"13,2 kV",220 V,4.57,0.0,75.0,E343206,Distribuidora,769014.5,8992638.27,SE0119,CHIMBOTE,ELNM,-78.552502459,-9.10492200200002
20260213,20241231,21364251,"13,2 kV",380/220 V,4.76,1.0,50.0,E343207,Tercero,763844.54,8999217.74,SE0119,CHIMBOTE,ELNM,-78.599905687,-9.04577587
20260213,20241231,21365609,"13,2 kV",380/220 V,2.37,1.0,75.0,E343458,Distribuidora,772666.1,8992918.35,SE0119,CHIMBOTE,ELNM,-78.519318878,-9.10216635
20260213,20241231,21365611,"13,2 kV",380/220 V,2.83,1.0,75.0,E343459,Distribuidora,772481.29,8993009.81,SE0119,CHIMBOTE,ELNM,-78.521004868,-9.10135131200002
20260213,20241231,21365613,"13,2 kV",220 V,4.28,0.0,50.0,E343460,Distribuidora,772450.98,8989578.17,SE0119,CHIMBOTE,ELNM,-78.52106642,-9.13236325399998
20260213,20241231,21365615,"13,2 kV",380/220 V,11.24,0.7,37.5,E343461,Distribuidora,767511.35,8996032.24,SE0119,CHIMBOTE,ELNM,-78.566376829,-9.07434287500001
20260213,20241231,21365623,"13,2 kV",220 V,71.31,1.0,160.0,E343465,Tercero,763557.5,8995999.79,SE0119,CHIMBOTE,ELNM,-78.602322308,-9.07487386600002
20260213,20241231,21365627,"13,2 kV",380/220 V,15.84,0.0,50.0,E343467,Tercero,763697.6,8999263.97,SE0119,CHIMBOTE,ELNM,-78.601244307,-9.04536683399999
20260213,20241231,21365647,"13,2 kV",380/220 V,8.41,0.0,37.5,E343477,Distribuidora,770403.12,8990857.16,SE0119,CHIMBOTE,ELNM,-78.539766562,-9.12093216599999
20260213,20241231,21364253,"13,2 kV",440/220 V,95.63,0.0,125.0,E343208,Tercero,762819.7,8996140.66,SE0119,CHIMBOTE,ELNM,-78.609038752,-9.07364477800002
20260213,20241231,21364259,"13,2 kV",380/220 V,22.75,1.0,25.0,E343211,Distribuidora,770667.96,8989866.62,SE0119,CHIMBOTE,ELNM,-78.537297039,-9.12986699200002
20260213,20241231,21364261,"13,2 kV",380/220 V,23.43,1.0,100.0,E343212,Distribuidora,770605.56,8989822.78,SE0119,CHIMBOTE,ELNM,-78.537861712,-9.13026700500001
20260213,20241231,21364263,"13,2 kV",380/220 V,10.01,1.06,160.0,E343213,Distribuidora,770608.41,8989781.83,SE0119,CHIMBOTE,ELNM,-78.537833257,-9.13063687900001
20260213,20241231,21364265,"13,2 kV",380/220 V,20.57,1.0,100.0,E343214,Distribuidora,770480.34,8989693.8,SE0119,CHIMBOTE,ELNM,-78.53899232,-9.131440269
20260213,20241231,21364267,"13,2 kV",380/220 V,21.06,1.0,160.0,E343215,Distribuidora,770504.37,8989671.0,SE0119,CHIMBOTE,ELNM,-78.538772404,-9.13164482299999
20260213,20241231,21364269,"13,2 kV",380/220 V,1.0,1.0,100.0,E343216,Tercero,770798.86,8989617.08,SE0119,CHIMBOTE,ELNM,-78.536091294,-9.13211391300001
20260213,20241231,21364271,"13,2 kV",380/220 V,1.0,1.0,160.0,E343217,Tercero,770681.21,8989492.23,SE0119,CHIMBOTE,ELNM,-78.537153322,-9.13324939400002
20260213,20241231,21364273,"13,2 kV",380/220 V,15.65,1.0,75.0,E343218,Distribuidora,770600.19,8989442.72,SE0119,CHIMBOTE,ELNM,-78.537886957,-9.13370179499998
20260213,20241231,21364275,"13,2 kV",380/220 V,34.5,3.75,50.0,E343219,Distribuidora,770960.69,8989958.46,SE0119,CHIMBOTE,ELNM,-78.534641002,-9.12901900899999
20260213,20241231,21364279,"13,2 kV",380/220 V,11.3,0.0,250.0,E343221,Tercero,771295.22,8990770.46,SE0119,CHIMBOTE,ELNM,-78.531649671,-9.12166064000002
20260213,20241231,21364285,"13,2 kV",380/220 V,11.35,1.0,50.0,E343224,Distribuidora,767876.74,8993388.02,SE0119,CHIMBOTE,ELNM,-78.562893259,-9.09821605299999
20260213,20241231,21364287,"13,2 kV",380/220 V,6.99,1.83,37.5,E343225,Distribuidora,766664.49,8997575.0,SE0119,CHIMBOTE,ELNM,-78.574169834,-9.06045232500003
20260213,20241231,21365651,"13,2 kV",380/220 V,17.45,1.0,100.0,E343479,Distribuidora,772277.77,8992816.27,SE0119,CHIMBOTE,ELNM,-78.52284323,-9.10311283300001
20260213,20241231,21365653,"13,2 kV",380/220 V,18.16,1.0,100.0,E343480,Distribuidora,772212.66,8993041.03,SE0119,CHIMBOTE,ELNM,-78.523449196,-9.101085807
20260213,20241231,21365655,"13,2 kV",220 V,10.0,0.0,50.0,E343481,Distribuidora,764736.66,8999571.54,SE0119,CHIMBOTE,ELNM,-78.591816591,-9.04252535000001
20260213,20241231,21365657,"13,2 kV",220 V,19.13,0.0,25.0,E343482,Distribuidora,775520.8,8988649.46,SE0119,CHIMBOTE,ELNM,-78.493094809,-9.14056368299998
20260213,20241231,21365661,"13,2 kV",380/220 V,534.2,1.0,1500.0,E343484,Tercero,767965.38,8992503.83,SE0119,CHIMBOTE,ELNM,-78.562033178,-9.10620090999998
20260213,20241231,21365663,10 kV,220 V,36.06,1.0,400.0,E343485,Tercero,772983.56,8991259.09,SE0119,CHIMBOTE,ELNM,-78.51632893,-9.11714055700003
20260213,20241231,21364303,"13,2 kV",220 V,17.21,0.0,25.0,E343233,Tercero,768295.12,8992716.46,SE0119,CHIMBOTE,ELNM,-78.559048094,-9.104259329
20260213,20241231,21364311,"13,2 kV",220 V,41.79,0.0,100.0,E343237,Distribuidora,764585.81,8998976.11,SE0119,CHIMBOTE,ELNM,-78.593152199,-9.04791528200002
20260213,20241231,21364317,"13,2 kV",220 V,52.88,4.5,75.0,E343240,Distribuidora,771011.21,8990350.08,SE0119,CHIMBOTE,ELNM,-78.534205959,-9.12547697700001
20260213,20241231,21364319,"13,2 kV",220 V,12.18,0.0,75.0,E343241,Tercero,773879.3,8990901.67,SE0119,CHIMBOTE,ELNM,-78.508162147,-9.12031463199997
20260213,20241231,21364321,"13,2 kV",380/220 V,15.42,2.9,50.0,E343242,Distribuidora,771353.72,8990998.92,SE0119,CHIMBOTE,ELNM,-78.531131953,-9.11959252999998
20260213,20241231,21364323,"13,2 kV",440/220 V,15.6,0.0,400.0,E343243,Tercero,767877.85,8993570.92,SE0119,CHIMBOTE,ELNM,-78.562894357,-9.09656315299998
20260213,20241231,21364325,"13,2 kV",380/220 V,14.5,1.71,50.0,E343244,Distribuidora,774716.21,8989279.13,SE0119,CHIMBOTE,ELNM,-78.500450497,-9.13492425099997
20260213,20241231,21364327,"13,2 kV",380/220 V,11.33,2.12,50.0,E343245,Distribuidora,774928.41,8989348.47,SE0119,CHIMBOTE,ELNM,-78.498525399,-9.13428437599998
20260213,20241231,21364329,"13,2 kV",380/220 V,14.91,1.77,50.0,E343246,Distribuidora,774824.17,8989451.8,SE0119,CHIMBOTE,ELNM,-78.499479733,-9.13335718100001
20260213,20241231,21364331,"13,2 kV",380/220 V,9.25,1.89,50.0,E343247,Distribuidora,775092.02,8989498.31,SE0119,CHIMBOTE,ELNM,-78.497047201,-9.13292011499999
20260213,20241231,21364333,"13,2 kV",220 V,14.11,0.0,250.0,E343248,Tercero,765085.98,8995935.98,SE0119,CHIMBOTE,ELNM,-78.588421764,-9.07535902699999
20260213,20241231,21364335,"13,2 kV",380/220 V,16.01,2.07,75.0,E343249,Distribuidora,775311.28,8989339.05,SE0119,CHIMBOTE,ELNM,-78.495043496,-9.13434548700002
20260213,20241231,21364337,"13,2 kV",380/220 V,16.25,2.36,75.0,E343250,Distribuidora,775262.04,8989414.17,SE0119,CHIMBOTE,ELNM,-78.495495961,-9.133669768
20260213,20241231,21364339,"13,2 kV",440/220 V,21.41,1.42,50.0,E343251,Distribuidora,775167.58,8989756.94,SE0119,CHIMBOTE,ELNM,-78.49637648,-9.13057830899999
20260213,20241231,21364341,"13,2 kV",380/220 V,8.86,1.24,50.0,E343252,Distribuidora,775189.34,8989592.59,SE0119,CHIMBOTE,ELNM,-78.496168256,-9.132062066
20260213,20241231,21364343,"13,2 kV",380/220 V,8.02,1.12,50.0,E343253,Distribuidora,775284.12,8989681.78,SE0119,CHIMBOTE,ELNM,-78.495312089,-9.13125017099998
20260213,20241231,21364345,"13,2 kV",380/220 V,16.42,2.3,75.0,E343254,Distribuidora,775407.18,8989638.36,SE0119,CHIMBOTE,ELNM,-78.494190415,-9.13163480700001
20260213,20241231,21364347,"13,2 kV",380/220 V,8.44,1.95,75.0,E343255,Distribuidora,775632.86,8989842.63,SE0119,CHIMBOTE,ELNM,-78.492151313,-9.12977479099999
20260213,20241231,21364349,"13,2 kV",380/220 V,6.08,1.0,50.0,E343256,Distribuidora,775551.31,8989763.38,SE0119,CHIMBOTE,ELNM,-78.492887801,-9.13049603899998
20260213,20241231,21364351,"13,2 kV",380/220 V,8.06,2.24,75.0,E343257,Distribuidora,775453.18,8989684.75,SE0119,CHIMBOTE,ELNM,-78.493775087,-9.13121272500001
20260213,20241231,21364353,"13,2 kV",380/220 V,10.15,1.77,50.0,E343258,Distribuidora,773275.6,8991993.16,SE0119,CHIMBOTE,ELNM,-78.513719503,-9.11048901100003
20260213,20241231,21364355,"13,2 kV",380/220 V,5.66,1.24,50.0,E343259,Distribuidora,773378.11,8991961.91,SE0119,CHIMBOTE,ELNM,-78.51278551,-9.11076502999998
20260213,20241231,21364357,"13,2 kV",380/220 V,5.81,1.3,50.0,E343260,Distribuidora,773402.75,8991841.04,SE0119,CHIMBOTE,ELNM,-78.512553919,-9.11185573500001
20260213,20241231,21364359,"13,2 kV",380/220 V,16.12,2.07,75.0,E343261,Distribuidora,775106.21,8988935.22,SE0119,CHIMBOTE,ELNM,-78.49688264,-9.13800749699999
20260213,20241231,21364361,"13,2 kV",380/220 V,17.49,2.36,75.0,E343262,Distribuidora,775336.24,8989172.87,SE0119,CHIMBOTE,ELNM,-78.494806047,-9.135845577
20260213,20241231,21364363,"13,2 kV",380/220 V,21.91,2.18,75.0,E343263,Distribuidora,775211.23,8988984.89,SE0119,CHIMBOTE,ELNM,-78.495930855,-9.13755207200001
20260213,20241231,21364365,"13,2 kV",440/220 V,16.48,1.83,75.0,E343264,Distribuidora,775177.14,8988782.99,SE0119,CHIMBOTE,ELNM,-78.496228077,-9.139378647
20260213,20241231,21364367,"13,2 kV",380/220 V,10.84,1.53,50.0,E343265,Distribuidora,775288.49,8988718.39,SE0119,CHIMBOTE,ELNM,-78.495211514,-9.13995540399998
20260213,20241231,21364369,"13,2 kV",380/220 V,13.95,1.24,50.0,E343266,Distribuidora,775468.85,8988889.18,SE0119,CHIMBOTE,ELNM,-78.493582336,-9.13840076299999
20260213,20241231,21364371,"13,2 kV",380/220 V,29.68,2.6,75.0,E343267,Distribuidora,775542.63,8988942.76,SE0119,CHIMBOTE,ELNM,-78.492914861,-9.13791196199998
20260213,20241231,21364373,"13,2 kV",440/220 V,14.81,2.01,75.0,E343268,Distribuidora,775640.66,8988839.62,SE0119,CHIMBOTE,ELNM,-78.492016977,-9.13883780499998
20260213,20241231,21372702,10 kV,220 V,31.67,4.08,100.0,E343921,Distribuidora,773243.48,8992559.04,SE0119,CHIMBOTE,ELNM,-78.514046904,-9.105377449
20260213,20241231,21372704,"13,2 kV",220 V,38.18,0.07,50.0,E343934,Distribuidora,773760.0,8990514.69,SE0119,CHIMBOTE,ELNM,-78.509222604,-9.12381898400002
20260213,20241231,21373314,"13,2 kV",220 V,16.43,0.0,75.0,E343939,Tercero,774655.56,8988231.64,SE0119,CHIMBOTE,ELNM,-78.500935939,-9.14439355000002
20260213,20241231,21372724,"13,2 kV",440/220 V,191.76,0.0,600.0,E343924,Tercero,769128.09,8990924.27,SE0119,CHIMBOTE,ELNM,-78.551364118,-9.12040400199999
20260213,20241231,21372726,"13,2 kV",380/220 V,1.0,0.0,200.0,E343925,Tercero,770367.53,8991385.8,SE0119,CHIMBOTE,ELNM,-78.540122894,-9.11615722400001
20260213,20241231,21372734,"13,2 kV",220 V,1.0,0.0,200.0,E343929,Tercero,764096.39,8996904.85,SE0119,CHIMBOTE,ELNM,-78.597477222,-9.06666259399998
20260213,20241231,21372736,"13,2 kV",220 V,28.24,0.07,37.0,E343930,Distribuidora,768505.24,8990629.68,SE0119,CHIMBOTE,ELNM,-78.557009394,-9.12310424899999
20260213,20241231,2658117,"13,2 kV",380/220 V,3.5,0.0,250.0,CH7507,Tercero,766411.05,8994890.41,SE0119,CHIMBOTE,ELNM,-78.576311045,-9.08472800099997
20260213,20241231,2660194,"13,2 kV",220 V,3.5,1.0,100.0,CH7012,Tercero,763820.86,8995847.06,SE0119,CHIMBOTE,ELNM,-78.599918691,-9.07623837099999
20260213,20241231,2660689,"13,2 kV",220 V,0.87,0.0,50.0,CH7092,Tercero,766751.06,8994435.77,SE0119,CHIMBOTE,ELNM,-78.573192025,-9.08881598200003
20260213,20241231,2660696,"13,2 kV",220 V,7.63,0.0,80.0,CH7089,Tercero,768208.04,8992776.61,SE0119,CHIMBOTE,ELNM,-78.559843543,-9.10372107299997
20260213,20241231,2660719,"13,2 kV",220 V,39.3,0.0,125.0,CH7081,Tercero,766976.79,8994194.46,SE0119,CHIMBOTE,ELNM,-78.571124978,-9.09098300599999
20260213,20241231,2661300,"13,2 kV",220 V,1.53,0.0,160.0,CH7265,Tercero,768202.7,8992873.15,SE0119,CHIMBOTE,ELNM,-78.559898014,-9.10284898700002
20260213,20241231,2661359,"13,2 kV",220 V,1.0,0.0,2280.0,CH7047,Tercero,766168.21,8994611.74,SE0119,CHIMBOTE,ELNM,-78.578502018,-9.08726098
20260213,20241231,21371514,"13,2 kV",380/220 V,74.83,1.67,100.0,E343820,Distribuidora,771619.94,8993062.79,SE0119,CHIMBOTE,ELNM,-78.528839573,-9.10092577500001
20260213,20241231,21371516,"13,2 kV",380/220 V,73.98,2.52,100.0,E343821,Distribuidora,771603.66,8993270.77,SE0119,CHIMBOTE,ELNM,-78.529000498,-9.09904735200001
20260213,20241231,21371518,"13,2 kV",380/220 V,73.28,3.22,100.0,E343822,Distribuidora,771452.91,8993075.3,SE0119,CHIMBOTE,ELNM,-78.530358994,-9.10082302699999
20260213,20241231,21372134,"13,2 kV",380/220 V,136.8,0.0,600.0,E343891,Tercero,769207.21,8991156.92,SE0119,CHIMBOTE,ELNM,-78.550659046,-9.11829676299999
20260213,20241231,21371534,10 kV,220 V,304.96,1.05,400.0,E343823,Distribuidora,764250.62,8996556.17,SE0119,CHIMBOTE,ELNM,-78.596054042,-9.06980441299999
20260213,20241231,21371536,10 kV,220 V,303.3,2.7,400.0,E343824,Distribuidora,764220.35,8996427.08,SE0119,CHIMBOTE,ELNM,-78.596321482,-9.07097281599999
20260213,20241231,21371538,10 kV,220 V,303.25,2.76,400.0,E343825,Distribuidora,764144.04,8996221.54,SE0119,CHIMBOTE,ELNM,-78.597002908,-9.07283485400001
20260213,20241231,21371540,10 kV,220 V,300.66,5.34,400.0,E343826,Distribuidora,764062.21,8996053.74,SE0119,CHIMBOTE,ELNM,-78.597736797,-9.07435616499998
20260213,20241231,21371542,10 kV,220 V,297.13,8.87,400.0,E343827,Distribuidora,764056.56,8995925.51,SE0119,CHIMBOTE,ELNM,-78.597780451,-9.07551532399998
20260213,20241231,21371544,10 kV,220 V,298.66,7.34,400.0,E343828,Distribuidora,764037.79,8995928.12,SE0119,CHIMBOTE,ELNM,-78.597951263,-9.07549286
20260213,20241231,21371546,10 kV,220 V,303.68,2.32,400.0,E343829,Distribuidora,764447.8,8996381.84,SE0119,CHIMBOTE,ELNM,-78.594250841,-9.07136804200002
20260213,20241231,21371548,10 kV,220 V,150.65,2.35,200.0,E343830,Distribuidora,764412.59,8996267.08,SE0119,CHIMBOTE,ELNM,-78.594564051,-9.07240724000002
20260213,20241231,21371550,10 kV,220 V,303.77,2.24,400.0,E343831,Distribuidora,764379.3,8996152.66,SE0119,CHIMBOTE,ELNM,-78.594859826,-9.07344325000003
20260213,20241231,21371552,10 kV,220 V,302.75,3.25,400.0,E343832,Distribuidora,764365.39,8996118.47,SE0119,CHIMBOTE,ELNM,-78.594984234,-9.07375305900001
20260213,20241231,21371554,10 kV,220 V,303.64,2.36,400.0,E343833,Distribuidora,764300.84,8995983.48,SE0119,CHIMBOTE,ELNM,-78.595562982,-9.074976832
20260213,20241231,21371556,10 kV,220 V,303.68,2.32,400.0,E343834,Distribuidora,764415.07,8995952.6,SE0119,CHIMBOTE,ELNM,-78.594522561,-9.07524905700001
20260213,20241231,21371558,10 kV,220 V,300.4,5.6,400.0,E343835,Distribuidora,764295.89,8995887.71,SE0119,CHIMBOTE,ELNM,-78.59560222,-9.07584260599998
20260213,20241231,21371560,10 kV,220 V,304.85,1.15,400.0,E343836,Distribuidora,764283.57,8995856.07,SE0119,CHIMBOTE,ELNM,-78.595712326,-9.07612927500003
20260213,20241231,21371562,10 kV,220 V,304.5,1.5,400.0,E343837,Distribuidora,764255.12,8995767.08,SE0119,CHIMBOTE,ELNM,-78.595965631,-9.07693518399998
20260213,20241231,21371564,10 kV,220 V,304.64,1.36,400.0,E343838,Distribuidora,764677.0,8996307.35,SE0119,CHIMBOTE,ELNM,-78.592162526,-9.072027483
20260213,20241231,21371566,10 kV,220 V,304.84,1.16,400.0,E343839,Distribuidora,764666.17,8996276.45,SE0119,CHIMBOTE,ELNM,-78.592259127,-9.07230737600003
20260213,20241231,21370938,"13,2 kV",440/220 V,30.53,0.07,40.0,E343760,Distribuidora,765382.88,8999562.39,SE0119,CHIMBOTE,ELNM,-78.585941266,-9.04256939099997
20260213,20241231,21371568,10 kV,220 V,305.2,0.8,400.0,E343840,Distribuidora,764642.16,8996169.01,SE0119,CHIMBOTE,ELNM,-78.592470943,-9.07327975200002
20260213,20241231,21371570,10 kV,220 V,305.06,0.94,400.0,E343841,Distribuidora,764616.76,8996174.01,SE0119,CHIMBOTE,ELNM,-78.592702176,-9.07323608899998
20260213,20241231,21371572,10 kV,220 V,290.55,15.45,400.0,E343842,Distribuidora,764602.94,8996077.64,SE0119,CHIMBOTE,ELNM,-78.592822016,-9.074107814
20260213,20241231,21371574,10 kV,220 V,304.4,1.6,400.0,E343843,Distribuidora,764535.99,8995912.13,SE0119,CHIMBOTE,ELNM,-78.593420737,-9.07560754299999
20260213,20241231,21371576,10 kV,220 V,299.68,6.32,400.0,E343844,Distribuidora,764531.68,8995846.32,SE0119,CHIMBOTE,ELNM,-78.593455956,-9.07620252800001
20260213,20241231,21371578,10 kV,220 V,305.21,0.79,400.0,E343845,Distribuidora,764513.34,8995785.59,SE0119,CHIMBOTE,ELNM,-78.59361904,-9.07675244500001
20260213,20241231,21371580,"13,2 kV",380/220 V,151.5,1.5,200.0,E343846,Distribuidora,764486.4,8995697.75,SE0119,CHIMBOTE,ELNM,-78.593858681,-9.07754787200003
20260213,20241231,21371582,10 kV,220 V,304.1,1.91,400.0,E343847,Distribuidora,764810.35,8996353.59,SE0119,CHIMBOTE,ELNM,-78.590952931,-9.07160162000002
20260213,20241231,21371584,10 kV,220 V,305.44,0.56,400.0,E343848,Distribuidora,764747.54,8996153.35,SE0119,CHIMBOTE,ELNM,-78.591511908,-9.07341495600002
20260213,20241231,21371586,10 kV,220 V,304.84,1.16,400.0,E343849,Distribuidora,764729.3,8996131.66,SE0119,CHIMBOTE,ELNM,-78.591676434,-9.073612062
20260213,20241231,21371588,10 kV,220 V,305.51,0.5,400.0,E343850,Distribuidora,764694.3,8996042.05,SE0119,CHIMBOTE,ELNM,-78.591989243,-9.07442396699997
20260213,20241231,21371590,10 kV,220 V,305.51,0.49,400.0,E343851,Distribuidora,764694.69,8996017.61,SE0119,CHIMBOTE,ELNM,-78.591984223,-9.07464480800002
20260213,20241231,21371592,10 kV,220 V,303.93,2.07,400.0,E343852,Distribuidora,764670.91,8995941.45,SE0119,CHIMBOTE,ELNM,-78.592195834,-9.07533449300001
20260213,20241231,21371594,10 kV,220 V,305.05,0.95,400.0,E343853,Distribuidora,764621.18,8995783.14,SE0119,CHIMBOTE,ELNM,-78.592638425,-9.07676812400001
20260213,20241231,21371596,10 kV,220 V,121.4,1.0,160.0,E343854,Distribuidora,764611.12,8995749.5,SE0119,CHIMBOTE,ELNM,-78.592727861,-9.07707273199998
20260213,20241231,21371598,10 kV,220 V,305.29,0.72,400.0,E343855,Distribuidora,764895.49,8996230.4,SE0119,CHIMBOTE,ELNM,-78.590171429,-9.07270978399998
20260213,20241231,21371600,10 kV,220 V,305.56,0.44,400.0,E343856,Distribuidora,764867.32,8996217.76,SE0119,CHIMBOTE,ELNM,-78.590426781,-9.072825701
20260213,20241231,21371602,10 kV,220 V,304.24,1.77,400.0,E343857,Distribuidora,764988.52,8996191.69,SE0119,CHIMBOTE,ELNM,-78.589323288,-9.07305402600002
20260213,20241231,21371604,10 kV,220 V,298.51,7.49,400.0,E343858,Distribuidora,764863.58,8996125.04,SE0119,CHIMBOTE,ELNM,-78.590455191,-9.07366383599998
20260213,20241231,21370968,"13,2 kV",380/220 V,1.0,0.0,500.0,E343770,Tercero,770807.0,8990306.0,SE0119,CHIMBOTE,ELNM,-78.536060045,-9.12588790900003
20260213,20241231,21370982,"13,2 kV",380/220 V,74.31,2.19,100.0,E343773,Distribuidora,771518.42,8992930.25,SE0119,CHIMBOTE,ELNM,-78.529754374,-9.10212974400002
20260213,20241231,21371004,"13,2 kV",220 V,53.28,0.0,400.0,E343774,Tercero,771441.19,8990811.12,SE0119,CHIMBOTE,ELNM,-78.530324955,-9.12128419599998
20260213,20241231,21371006,"13,2 kV",220 V,4.75,0.0,15.0,E343775,Tercero,768385.59,8991218.61,SE0119,CHIMBOTE,ELNM,-78.558133546,-9.11778953999999
20260213,20241231,21371606,10 kV,220 V,305.23,0.78,400.0,E343859,Distribuidora,764850.5,8996081.55,SE0119,CHIMBOTE,ELNM,-78.590571487,-9.07405763999998
20260213,20241231,21371608,10 kV,220 V,305.56,0.44,400.0,E343860,Distribuidora,764799.6,8995993.65,SE0119,CHIMBOTE,ELNM,-78.591028956,-9.07485504599998
20260213,20241231,21371610,10 kV,220 V,304.31,1.7,400.0,E343861,Distribuidora,764866.91,8995974.15,SE0119,CHIMBOTE,ELNM,-78.59041581,-9.07502722999999
20260213,20241231,21371612,10 kV,220 V,305.55,0.46,400.0,E343862,Distribuidora,764795.46,8995949.18,SE0119,CHIMBOTE,ELNM,-78.591063914,-9.07525716999999
20260213,20241231,21371614,10 kV,220 V,303.55,2.46,400.0,E343863,Distribuidora,764789.05,8995895.21,SE0119,CHIMBOTE,ELNM,-78.591118936,-9.07574528100002
20260213,20241231,21371616,10 kV,220 V,302.42,3.58,400.0,E343864,Distribuidora,764859.69,8995813.31,SE0119,CHIMBOTE,ELNM,-78.590471747,-9.07648117500003
20260213,20241231,21371618,10 kV,220 V,305.19,0.81,400.0,E343865,Distribuidora,764771.88,8995830.86,SE0119,CHIMBOTE,ELNM,-78.591271161,-9.076327843
20260213,20241231,21371620,10 kV,220 V,301.66,4.34,400.0,E343866,Distribuidora,764702.54,8995690.8,SE0119,CHIMBOTE,ELNM,-78.591893141,-9.07759772399999
20260213,20241231,21371622,10 kV,220 V,302.21,3.79,400.0,E343867,Distribuidora,763950.21,8996704.55,SE0119,CHIMBOTE,ELNM,-78.598794204,-9.06848144999998
20260213,20241231,21372292,"13,2 kV",380/220 V,75.01,0.0,160.0,E343893,Tercero,761938.98,8999203.78,SE0119,CHIMBOTE,ELNM,-78.617228676,-9.04601510399999
20260213,20241231,21371008,"13,2 kV",220 V,92.33,3.3,125.0,E343776,Distribuidora,767684.37,9000137.0,SE0119,CHIMBOTE,ELNM,-78.565053575,-9.03723831899998
20260213,20241231,21371016,"13,2 kV",380/220 V,54.58,2.8,75.0,E343780,Distribuidora,767531.12,8994914.04,SE0119,CHIMBOTE,ELNM,-78.566128898,-9.08444667200001
20260213,20241231,21371018,10 kV,220 V,53.87,3.51,75.0,E343781,Distribuidora,767736.62,8994769.67,SE0119,CHIMBOTE,ELNM,-78.564251701,-9.08573884999998
20260213,20241231,21371020,10 kV,220 V,54.65,2.73,75.0,E343782,Distribuidora,767670.35,8994939.84,SE0119,CHIMBOTE,ELNM,-78.564864611,-9.084205075
20260213,20241231,21371022,10 kV,220 V,54.72,2.66,75.0,E343783,Distribuidora,767813.02,8994844.7,SE0119,CHIMBOTE,ELNM,-78.563561663,-9.08505617899999
20260213,20241231,21371024,10 kV,220 V,54.79,2.59,75.0,E343784,Distribuidora,767846.24,8994911.04,SE0119,CHIMBOTE,ELNM,-78.563263684,-9.08445466000001
20260213,20241231,21372294,"13,2 kV",380/220 V,116.81,5.59,160.0,E343894,Distribuidora,771712.29,8993480.2,SE0119,CHIMBOTE,ELNM,-78.528025833,-9.09714812200002
20260213,20241231,21372296,"13,2 kV",380/220 V,4.37,0.0,120.0,E343895,Tercero,763891.24,8999177.83,SE0119,CHIMBOTE,ELNM,-78.599478739,-9.04613375899999
20260213,20241231,21372300,"13,2 kV",440/220 V,1.0,0.0,200.0,E343897,Tercero,764842.74,8997912.84,SE0119,CHIMBOTE,ELNM,-78.590752421,-9.05750871700002
20260213,20241231,21372302,"13,2 kV",220 V,72.04,0.0,300.0,E343898,Tercero,764851.67,8997551.91,SE0119,CHIMBOTE,ELNM,-78.590649495,-9.06076991200001
20260213,20241231,21372306,"13,2 kV",220 V,28.24,0.07,37.0,E343901,Distribuidora,763757.86,8996548.09,SE0119,CHIMBOTE,ELNM,-78.600533598,-9.069906876
20260213,20241231,21371704,"13,2 kV",440/220 V,1.0,0.0,250.0,E343868,Tercero,767617.88,8992568.71,SE0119,CHIMBOTE,ELNM,-78.565196761,-9.105635748
20260213,20241231,21372966,"13,2 kV",220 V,1.0,0.0,30.0,E343931,Distribuidora,776397.17,8989653.49,SE0119,CHIMBOTE,ELNM,-78.485189844,-9.131435845
20260213,20241231,21372968,10 kV,220 V,277.92,0.0,400.0,E343932,Tercero,770990.96,8989948.93,SE0119,CHIMBOTE,ELNM,-78.534365171,-9.12910325899998
20260213,20241231,21372970,10 kV,220 V,18.99,0.0,250.0,E343933,Tercero,764552.9,8995848.74,SE0119,CHIMBOTE,ELNM,-78.593263173,-9.07617938700002
20260213,20241231,21371144,"13,2 kV",220 V,57.31,0.07,75.0,E343786,Distribuidora,765697.85,8999810.53,SE0119,CHIMBOTE,ELNM,-78.583092852,-9.04030808499999
20260213,20241231,21371188,"13,2 kV",380/220 V,73.34,3.16,100.0,E343795,Distribuidora,765711.17,8995669.46,SE0119,CHIMBOTE,ELNM,-78.582721535,-9.07772998000002
20260213,20241231,21371190,"13,2 kV",380/220 V,119.31,3.09,160.0,E343796,Distribuidora,765752.03,8995846.57,SE0119,CHIMBOTE,ELNM,-78.582360768,-9.07612698600002
20260213,20241231,21371192,"13,2 kV",380/220 V,119.6,2.8,160.0,E343797,Distribuidora,765837.05,8995703.91,SE0119,CHIMBOTE,ELNM,-78.581579143,-9.07741107800001
20260213,20241231,21371194,"13,2 kV",380/220 V,118.4,4.0,160.0,E343798,Distribuidora,765779.53,8995946.43,SE0119,CHIMBOTE,ELNM,-78.582116792,-9.07522290100002
20260213,20241231,21371196,"13,2 kV",380/220 V,74.58,1.92,100.0,E343799,Distribuidora,765630.69,8995765.29,SE0119,CHIMBOTE,ELNM,-78.583459046,-9.076868811
20260213,20241231,21371198,"13,2 kV",440/220 V,1470.24,0.0,3200.0,E343801,Tercero,767757.39,8992121.03,SE0119,CHIMBOTE,ELNM,-78.563900868,-9.10967286200002
20260213,20241231,21371874,"13,2 kV",380/220 V,57.38,0.0,75.0,E343869,Tercero,769355.76,8992667.82,SE0119,CHIMBOTE,ELNM,-78.549401442,-9.10463409499999
20260213,20241231,21371326,"13,2 kV",380/220 V,1.0,0.0,50.0,E343804,Tercero,769798.03,8991795.47,SE0119,CHIMBOTE,ELNM,-78.54532638,-9.112490159
20260213,20241231,21371328,"13,2 kV",380/220 V,74.19,2.31,100.0,E343805,Distribuidora,765881.63,8995097.42,SE0119,CHIMBOTE,ELNM,-78.581137071,-9.08288920799998
20260213,20241231,21371330,"13,2 kV",380/220 V,74.88,1.63,100.0,E343806,Distribuidora,765960.0,8994951.72,SE0119,CHIMBOTE,ELNM,-78.580415698,-9.08420116500002
20260213,20241231,21371332,"13,2 kV",380/220 V,73.19,3.31,100.0,E343807,Distribuidora,766110.15,8995094.13,SE0119,CHIMBOTE,ELNM,-78.579059182,-9.08290516199997
20260213,20241231,21371334,"13,2 kV",380/220 V,74.4,2.1,100.0,E343808,Distribuidora,766003.26,8994834.01,SE0119,CHIMBOTE,ELNM,-78.580015238,-9.08526229400002
20260213,20241231,21371336,"13,2 kV",380/220 V,9.58,1.9,15.0,E343809,Distribuidora,766196.22,8994799.47,SE0119,CHIMBOTE,ELNM,-78.57825875,-9.085562788
20260213,20241231,21371338,"13,2 kV",380/220 V,119.24,3.17,160.0,E343810,Distribuidora,766171.34,8994703.97,SE0119,CHIMBOTE,ELNM,-78.57847916,-9.08642731600003
20260213,20241231,21371340,"13,2 kV",380/220 V,74.18,2.32,100.0,E343811,Distribuidora,766406.83,8994738.65,SE0119,CHIMBOTE,ELNM,-78.576340191,-9.08609969700001
20260213,20241231,21371342,"13,2 kV",380/220 V,119.08,3.33,160.0,E343812,Distribuidora,766327.0,8994518.27,SE0119,CHIMBOTE,ELNM,-78.577052615,-9.08809607199998
20260213,20241231,21371344,"13,2 kV",380/220 V,73.13,3.38,100.0,E343813,Distribuidora,766561.74,8994550.88,SE0119,CHIMBOTE,ELNM,-78.574920332,-9.08778719499998
20260213,20241231,21371346,"13,2 kV",380/220 V,119.87,2.53,160.0,E343814,Distribuidora,766471.31,8994287.88,SE0119,CHIMBOTE,ELNM,-78.575726532,-9.09016936500001
20260213,20241231,21371348,"13,2 kV",380/220 V,72.8,3.7,100.0,E343815,Distribuidora,766648.27,8994139.79,SE0119,CHIMBOTE,ELNM,-78.574108584,-9.09149693799998
20260213,20241231,21371350,"13,2 kV",380/220 V,73.35,3.15,100.0,E343816,Distribuidora,766798.74,8994270.64,SE0119,CHIMBOTE,ELNM,-78.572748463,-9.09030535699998
20260213,20241231,21372666,"22,9 kV",380/220 V,1.0,0.0,160.0,E343914,Distribuidora,775168.29,8987611.27,SE0119,CHIMBOTE,ELNM,-78.496234507,-9.14996724999997
20260213,20241231,21372668,10 kV,220 V,78.3,0.0,500.0,E343916,Tercero,764727.57,8996057.26,SE0119,CHIMBOTE,ELNM,-78.591687676,-9.07428451999999
20260213,20241231,21372670,"13,2 kV",380/220 V,57.31,0.07,75.0,E343915,Distribuidora,771444.91,8992402.13,SE0119,CHIMBOTE,ELNM,-78.530389963,-9.10690667799997
20260213,20241231,21372674,"13,2 kV",380/220 V,2.67,0.0,15.0,E343918,Tercero,772446.6,8998646.68,SE0119,CHIMBOTE,ELNM,-78.521670181,-9.050415671
20260213,20241231,21373288,"13,2 kV",380/220 V,23.02,2.7,50.0,E343935,Distribuidora,766513.29,8995763.65,SE0119,CHIMBOTE,ELNM,-78.575434541,-9.07683044100003
20260213,20241231,21373312,"13,2 kV",380/220 V,1.0,0.0,250.0,E343938,Distribuidora,772408.36,8991117.44,SE0119,CHIMBOTE,ELNM,-78.521550035,-9.11845626600001
20260213,20241231,21370809,"13,2 kV",440/220 V,16.56,0.0,160.0,E343759,Tercero,767859.64,8991584.52,SE0119,CHIMBOTE,ELNM,-78.562938279,-9.11451497100001
20260213,20241231,21370833,"13,2 kV",380/220 V,211.2,0.0,1250.0,E343763,Tercero,770783.0,8990291.0,SE0119,CHIMBOTE,ELNM,-78.53627734,-9.126024938
20260213,20241231,21369561,"13,2 kV",220 V,7.36,0.0,37.5,E342945,Tercero,768356.54,8992203.71,SE0119,CHIMBOTE,ELNM,-78.558458181,-9.108889191
20260213,20241231,21368303,"13,2 kV",380/220 V,19.24,1.0,100.0,E343584,Distribuidora,771914.43,8990233.35,SE0119,CHIMBOTE,ELNM,-78.525986003,-9.12647597500001
20260213,20241231,21368313,"13,2 kV",380/220 V,6.44,1.0,75.0,E343585,Distribuidora,764922.6,8998555.39,SE0119,CHIMBOTE,ELNM,-78.590065076,-9.05169720399999
20260213,20241231,21368315,"13,2 kV",380/220 V,6.8,1.0,75.0,E343586,Distribuidora,764843.52,8998569.65,SE0119,CHIMBOTE,ELNM,-78.590784868,-9.05157306699999
20260213,20241231,21368317,"13,2 kV",380/220 V,2.83,1.0,37.5,E343587,Distribuidora,764799.34,8998645.7,SE0119,CHIMBOTE,ELNM,-78.591191093,-9.05088844400001
20260213,20241231,21368319,"13,2 kV",380/220 V,4.45,1.0,75.0,E343588,Distribuidora,764741.26,8998728.47,SE0119,CHIMBOTE,ELNM,-78.591724089,-9.05014392300001
20260213,20241231,21369607,"22,9 kV",380/220 V,49.65,7.73,75.0,E343675,Distribuidora,773881.11,8989171.28,SE0119,CHIMBOTE,ELNM,-78.508037062,-9.13595104799998
20260213,20241231,21369609,"22,9 kV",380/220 V,53.56,3.82,75.0,E343676,Distribuidora,774089.34,8988973.06,SE0119,CHIMBOTE,ELNM,-78.506131207,-9.13772923599998
20260213,20241231,21369613,"13,2 kV",380/220 V,27.4,0.91,37.0,E343679,Tercero,767590.87,8997242.11,SE0119,CHIMBOTE,ELNM,-78.565727569,-9.06340465300002
20260213,20241231,21369615,"13,2 kV",380/220 V,26.93,1.38,37.0,E343680,Tercero,767378.0,8997508.19,SE0119,CHIMBOTE,ELNM,-78.567679031,-9.06101300300003
20260213,20241231,21368349,"13,2 kV",440/220 V,24.24,0.0,250.0,E343590,Tercero,763240.62,8999563.57,SE0119,CHIMBOTE,ELNM,-78.605416685,-9.04268648800002
20260213,20241231,21368363,"13,2 kV",220 V,49.89,0.75,100.0,E343591,Distribuidora,765572.19,8996705.42,SE0119,CHIMBOTE,ELNM,-78.584047784,-9.06837641099997
20260213,20241231,21368407,"13,2 kV",380/220 V,18.98,1.0,75.0,E343594,Distribuidora,764641.45,8998897.82,SE0119,CHIMBOTE,ELNM,-78.592641662,-9.04861946699998
20260213,20241231,21368409,"13,2 kV",380/220 V,15.45,1.0,75.0,E343595,Distribuidora,764567.62,8999029.15,SE0119,CHIMBOTE,ELNM,-78.593320754,-9.04743704399999
20260213,20241231,21368411,"13,2 kV",380/220 V,1.2,1.0,37.5,E343596,Distribuidora,764647.07,8999561.84,SE0119,CHIMBOTE,ELNM,-78.592630471,-9.04261836000001
20260213,20241231,21369021,"13,2 kV",380/220 V,45.62,1.0,160.0,E343611,Distribuidora,765096.91,8996887.13,SE0119,CHIMBOTE,ELNM,-78.588379811,-9.06676283500002
20260213,20241231,21369023,"13,2 kV",380/220 V,50.88,1.0,160.0,E343612,Distribuidora,764930.41,8996811.56,SE0119,CHIMBOTE,ELNM,-78.589889004,-9.06745574500002
20260213,20241231,21369025,"13,2 kV",380/220 V,40.52,1.0,100.0,E343613,Distribuidora,765002.43,8997043.27,SE0119,CHIMBOTE,ELNM,-78.589248202,-9.065357463
20260213,20241231,21369027,"13,2 kV",380/220 V,31.81,1.0,100.0,E343614,Distribuidora,764856.28,8996972.09,SE0119,CHIMBOTE,ELNM,-78.590572643,-9.06600947599998
20260213,20241231,21369029,"13,2 kV",380/220 V,51.33,1.0,160.0,E343615,Distribuidora,764697.33,8996786.67,SE0119,CHIMBOTE,ELNM,-78.592006579,-9.06769464199999
20260213,20241231,21369031,"13,2 kV",380/220 V,44.44,1.0,160.0,E343616,Distribuidora,764711.14,8997012.44,SE0119,CHIMBOTE,ELNM,-78.591894627,-9.06565352699999
20260213,20241231,21369033,"13,2 kV",380/220 V,52.71,1.0,100.0,E343617,Distribuidora,764787.43,8997174.3,SE0119,CHIMBOTE,ELNM,-78.591210783,-9.064186226
20260213,20241231,21369037,"13,2 kV",380/220 V,57.12,0.0,75.0,E343618,Tercero,770163.68,8991886.76,SE0119,CHIMBOTE,ELNM,-78.542007374,-9.11164275300001
20260213,20241231,21368431,"13,2 kV",380/220 V,18.59,1.0,50.0,E343597,Distribuidora,774923.58,8988251.49,SE0119,CHIMBOTE,ELNM,-78.498500102,-9.14419737200001
20260213,20241231,21368433,"13,2 kV",380/220 V,19.56,1.0,75.0,E343598,Distribuidora,775239.76,8988375.32,SE0119,CHIMBOTE,ELNM,-78.49563293,-9.14305855600003
20260213,20241231,21368435,"13,2 kV",380/220 V,11.49,1.0,75.0,E343599,Distribuidora,775353.14,8988272.1,SE0119,CHIMBOTE,ELNM,-78.494595454,-9.14398416300003
20260213,20241231,21369097,"13,2 kV",380/220 V,25.63,0.0,160.0,E343619,Tercero,765235.73,8996061.17,SE0119,CHIMBOTE,ELNM,-78.587067832,-9.07421869500001
20260213,20241231,21369103,"13,2 kV",220 V,1.0,1.0,100.0,E343620,Distribuidora,766299.32,8994959.36,SE0119,CHIMBOTE,ELNM,-78.577331078,-9.08411165299998
20260213,20241231,21369767,"13,2 kV",380/220 V,8.67,2.81,15.0,E343689,Distribuidora,773884.57,8988869.9,SE0119,CHIMBOTE,ELNM,-78.507986661,-9.13867422700002
20260213,20241231,21369901,"13,2 kV",220 V,10.14,0.0,75.0,E343697,Tercero,765180.11,9001282.01,SE0119,CHIMBOTE,ELNM,-78.587888055,-9.02704131000002
20260213,20241231,21369907,"13,2 kV",380/220 V,1.0,0.0,25.0,E343701,Distribuidora,772158.08,8990331.25,SE0119,CHIMBOTE,ELNM,-78.523776682,-9.12557620299998
20260213,20241231,21369943,"13,2 kV",220 V,36.47,0.0,250.0,E343712,Tercero,771925.47,8990275.82,SE0119,CHIMBOTE,ELNM,-78.525888266,-9.12609150999998
20260213,20241231,21369369,"13,2 kV",440/220 V,75.12,0.0,500.0,E343656,Tercero,768020.42,8992048.2,SE0119,CHIMBOTE,ELNM,-78.561504804,-9.11031499299997
20260213,20241231,21370013,"13,2 kV",380/220 V,117.66,4.74,160.0,E343713,Distribuidora,771942.5,8992845.05,SE0119,CHIMBOTE,ELNM,-78.525893316,-9.10287348499998
20260213,20241231,21368765,"13,2 kV",380/220 V,3.84,0.0,50.0,E343603,Tercero,763601.14,8996013.62,SE0119,CHIMBOTE,ELNM,-78.601926369,-9.07474627800002
20260213,20241231,34692953,"22,9 kV",380/220 V,74.6,1.9,100.0,E344214,Distribuidora,775511.06,8989573.88,SE0119,CHIMBOTE,ELNM,-78.493241805,-9.13221094800002
20260213,20241231,34693059,"22,9 kV",380/220 V,118.5,3.9,160.0,E344215,Distribuidora,775818.92,8989175.07,SE0119,CHIMBOTE,ELNM,-78.490417335,-9.13579537099997
20260213,20241231,34693165,"22,9 kV",380/220 V,117.55,4.85,160.0,E344216,Distribuidora,775998.5,8988929.83,SE0119,CHIMBOTE,ELNM,-78.488768946,-9.13800013299999
20260213,20241231,34693271,"22,9 kV",380/220 V,74.85,1.65,100.0,E344217,Distribuidora,775641.4,8988753.68,SE0119,CHIMBOTE,ELNM,-78.492004812,-9.13961433899999
20260213,20241231,34693377,"22,9 kV",380/220 V,74.6,1.9,100.0,E344218,Distribuidora,775520.92,8988666.28,SE0119,CHIMBOTE,ELNM,-78.493094782,-9.140411685
20260213,20241231,34693483,"22,9 kV",380/220 V,74.7,1.8,100.0,E344219,Distribuidora,775796.7,8989601.44,SE0119,CHIMBOTE,ELNM,-78.490646344,-9.13194396300003
20260213,20241231,34693589,"22,9 kV",380/220 V,73.2,3.3,100.0,E344220,Distribuidora,775917.12,8989573.46,SE0119,CHIMBOTE,ELNM,-78.489549648,-9.13218922900001
20260213,20241231,34693695,"22,9 kV",380/220 V,117.7,4.7,160.0,E344221,Distribuidora,776056.64,8989397.48,SE0119,CHIMBOTE,ELNM,-78.488269913,-9.133770658
20260213,20241231,34693801,"22,9 kV",380/220 V,118.5,3.9,160.0,E344222,Distribuidora,776171.12,8989253.06,SE0119,CHIMBOTE,ELNM,-78.487219846,-9.13506847100001
20260213,20241231,34693907,"22,9 kV",380/220 V,117.8,4.6,160.0,E344223,Distribuidora,776241.96,8989165.59,SE0119,CHIMBOTE,ELNM,-78.486570182,-9.135854413
20260213,20241231,34694013,"22,9 kV",380/220 V,74.6,1.9,100.0,E344224,Distribuidora,776192.44,8989554.7,SE0119,CHIMBOTE,ELNM,-78.487045099,-9.13234142800002
20260213,20241231,34694119,"22,9 kV",380/220 V,75.05,1.45,100.0,E344225,Distribuidora,776334.06,8989372.35,SE0119,CHIMBOTE,ELNM,-78.485745856,-9.13398027400001
20260213,20241231,34694225,"22,9 kV",380/220 V,71.75,4.75,100.0,E344226,Distribuidora,775762.75,8989792.44,SE0119,CHIMBOTE,ELNM,-78.490967113,-9.13022016399998
20260213,20241231,34694331,"22,9 kV",380/220 V,74.95,1.55,100.0,E344227,Distribuidora,775869.57,8989905.2,SE0119,CHIMBOTE,ELNM,-78.490002982,-9.12919451900001
20260213,20241231,34694437,"22,9 kV",380/220 V,72.95,3.55,100.0,E344228,Distribuidora,775780.72,8990085.91,SE0119,CHIMBOTE,ELNM,-78.490822273,-9.12756715199998
20260213,20241231,34694543,"22,9 kV",380/220 V,73.0,3.5,100.0,E344229,Distribuidora,776038.22,8989796.7,SE0119,CHIMBOTE,ELNM,-78.488462669,-9.130164353
20260213,20241231,34694649,"22,9 kV",380/220 V,72.9,3.6,100.0,E344230,Distribuidora,775966.01,8990108.32,SE0119,CHIMBOTE,ELNM,-78.489138951,-9.12735300600002
20260213,20241231,34694755,"22,9 kV",380/220 V,74.5,2.0,100.0,E344231,Distribuidora,775839.47,8990272.06,SE0119,CHIMBOTE,ELNM,-78.490299859,-9.12588135499999
20260213,20241231,34694861,"22,9 kV",380/220 V,75.05,1.45,100.0,E344232,Distribuidora,775949.27,8990464.73,SE0119,CHIMBOTE,ELNM,-78.489313695,-9.12413343399999
20260213,20241231,34694967,"22,9 kV",380/220 V,74.3,2.2,100.0,E344233,Distribuidora,775895.44,8990253.26,SE0119,CHIMBOTE,ELNM,-78.489789768,-9.12604772100002
20260213,20241231,34695073,"22,9 kV",380/220 V,120.75,1.65,160.0,E344234,Distribuidora,776124.74,8990399.57,SE0119,CHIMBOTE,ELNM,-78.487714138,-9.124711209
20260213,20241231,34695179,"22,9 kV",380/220 V,75.15,1.35,100.0,E344235,Distribuidora,776028.57,8990130.35,SE0119,CHIMBOTE,ELNM,-78.488571522,-9.127150003
20260213,20241231,34695285,"22,9 kV",380/220 V,74.85,1.65,100.0,E344236,Distribuidora,776200.75,8990268.15,SE0119,CHIMBOTE,ELNM,-78.487014711,-9.12589397699998
20260213,20241231,34695391,"22,9 kV",380/220 V,72.85,3.65,100.0,E344237,Distribuidora,776268.28,8990021.7,SE0119,CHIMBOTE,ELNM,-78.486385099,-9.12811671700001
20260213,20241231,34695497,"22,9 kV",380/220 V,73.3,3.2,100.0,E344238,Distribuidora,776189.94,8989814.91,SE0119,CHIMBOTE,ELNM,-78.487084308,-9.12999025699997
20260213,20241231,34757153,"22,9 kV",380/220 V,74.65,1.85,100.0,E344239,Distribuidora,776393.6,8989811.72,SE0119,CHIMBOTE,ELNM,-78.485232331,-9.13000626199999
20260213,20241231,34757259,"22,9 kV",380/220 V,72.35,4.15,100.0,E344240,Distribuidora,776437.59,8989552.87,SE0119,CHIMBOTE,ELNM,-78.484815947,-9.13234252699999
20260213,20241231,34757365,"22,9 kV",380/220 V,73.0,3.5,100.0,E344241,Distribuidora,776532.22,8989626.43,SE0119,CHIMBOTE,ELNM,-78.483960185,-9.131671858
20260213,20241231,34757471,"22,9 kV",380/220 V,74.55,1.95,100.0,E344242,Distribuidora,776542.93,8989450.23,SE0119,CHIMBOTE,ELNM,-78.48385163,-9.13326337000001
20260213,20241231,34757577,"22,9 kV",380/220 V,72.75,3.75,100.0,E344243,Distribuidora,776427.47,8989505.08,SE0119,CHIMBOTE,ELNM,-78.484904934,-9.13277500700002
20260213,20241231,33935627,"13,2 kV",380/220 V,100.0,0.0,400.0,E344144,Tercero,770672.97,8990918.05,SE0119,CHIMBOTE,ELNM,-78.537316695,-9.12036530900002
20260213,20241231,33936003,"22,9 kV",380/220 V,100.0,0.0,160.0,E344145,Distribuidora,774994.28,8987443.63,SE0119,CHIMBOTE,ELNM,-78.497806197,-9.15149303200002
20260213,20241231,33936455,"13,2 kV",380/220 V,28.31,0.0,37.0,E344148,Distribuidora,767865.79,8992379.59,SE0119,CHIMBOTE,ELNM,-78.562931081,-9.10732970599997
20260213,20241231,34887302,"13,2 kV",440/220 V,122.4,0.0,160.0,CH2901,Distribuidora,770569.8,8990270.28,SE0119,CHIMBOTE,ELNM,-78.538214626,-9.12622532
20260213,20241231,34887749,"13,2 kV",220 V,26.89,1.42,37.0,E344259,Distribuidora,764722.83,8999114.27,SE0119,CHIMBOTE,ELNM,-78.591914837,-9.04665853900002
20260213,20241231,34887939,10 kV,380/220 V,38.25,0.0,50.0,E344252,Distribuidora,774449.56,8987150.82,SE0119,CHIMBOTE,ELNM,-78.502740933,-9.15417314899997
20260213,20241231,34888078,10 kV,380/220 V,38.25,0.0,50.0,E344260,Distribuidora,765618.21,8996850.93,SE0119,CHIMBOTE,ELNM,-78.583638187,-9.06705867599999
20260213,20241231,33995774,"13,2 kV",220 V,55.84,1.54,75.0,E344149,Distribuidora,775051.59,8987804.65,SE0119,CHIMBOTE,ELNM,-78.497307888,-9.14822713500001
20260213,20241231,33996128,"13,2 kV",380/220 V,38.18,0.07,50.0,E344150,Distribuidora,769060.47,8992166.61,SE0119,CHIMBOTE,ELNM,-78.552055468,-9.10918145699998
20260213,20241231,33996155,10 kV,380/220 V,56.4,0.98,75.0,E344151,Distribuidora,770960.37,8991230.31,SE0119,CHIMBOTE,ELNM,-78.53472286,-9.11752582299999
20260213,20241231,33999314,"22,9 kV",380/220 V,100.0,0.0,160.0,E344157,Distribuidora,775323.08,8987721.44,SE0119,CHIMBOTE,ELNM,-78.494833963,-9.14896198999998
20260213,20241231,33999650,10 kV,380/220 V,57.1,0.28,75.0,E344160,Distribuidora,771492.31,8990041.55,SE0119,CHIMBOTE,ELNM,-78.529812272,-9.12823531100003
20260213,20241231,33999797,"22,9 kV",220 V,38.25,0.0,50.0,E344161,Distribuidora,776063.28,8987353.88,SE0119,CHIMBOTE,ELNM,-78.488080008,-9.15223676900001
20260213,20241231,34942085,"13,2 kV",380/220 V,38.25,0.0,50.0,E344246,Distribuidora,765602.29,9000016.93,SE0119,CHIMBOTE,ELNM,-78.583974016,-9.03844857899998
20260213,20241231,34942087,10 kV,380/220 V,76.5,0.0,100.0,E344247,Distribuidora,765802.58,9000041.64,SE0119,CHIMBOTE,ELNM,-78.582154701,-9.03821327399999
20260213,20241231,34942359,10 kV,380/220 V,119.4,3.0,160.0,E344254,Tercero,770688.02,8990133.12,SE0119,CHIMBOTE,ELNM,-78.537131173,-9.12745749599998
20260213,20241231,34942465,10 kV,380/220 V,74.55,1.95,100.0,E344255,Tercero,770716.22,8989857.37,SE0119,CHIMBOTE,ELNM,-78.536857645,-9.12994760399999
20260213,20241231,34942571,10 kV,380/220 V,73.5,3.0,100.0,E344256,Tercero,770851.74,8989839.63,SE0119,CHIMBOTE,ELNM,-78.535624284,-9.13009955299998
20260213,20241231,34953338,"13,2 kV",380/220 V,75.61,0.89,100.0,E344250,Distribuidora,771431.79,8990657.34,SE0119,CHIMBOTE,ELNM,-78.530400864,-9.12267442199999
20260213,20241231,34147711,"13,2 kV",380/220 V,38.18,0.07,50.0,E344172,Distribuidora,773584.86,8992465.8,SE0119,CHIMBOTE,ELNM,-78.510937231,-9.10619879900003
20260213,20241231,34180326,"13,2 kV",380/220 V,38.25,0.0,50.0,E344162,Distribuidora,772049.44,9000371.76,SE0119,CHIMBOTE,ELNM,-78.525387179,-9.03485126499999
20260213,20241231,34238750,"13,2 kV",380/220 V,76.5,0.0,100.0,E344158,Distribuidora,776083.86,8990972.43,SE0119,CHIMBOTE,ELNM,-78.48812206,-9.11953725400002
20260213,20241231,34238752,"13,2 kV",380/220 V,76.5,0.0,100.0,E344163,Distribuidora,776401.55,8990535.88,SE0119,CHIMBOTE,ELNM,-78.485205917,-9.12346206299998
20260213,20241231,34238754,"13,2 kV",380/220 V,76.5,0.0,100.0,E344164,Distribuidora,776566.96,8990293.88,SE0119,CHIMBOTE,ELNM,-78.483686625,-9.12563842399999
20260213,20241231,34238756,"13,2 kV",380/220 V,76.5,0.0,100.0,E344165,Distribuidora,776758.02,8989929.08,SE0119,CHIMBOTE,ELNM,-78.481926302,-9.12892280599999
20260213,20241231,34239655,"13,2 kV",220 V,7.65,0.0,10.0,E344166,Tercero,776413.42,9004383.2,SE0119,CHIMBOTE,ELNM,-78.485968572,-8.998332834
20260213,20241231,34239761,"13,2 kV",220 V,57.38,0.0,75.0,E344167,Tercero,776305.21,9004219.86,SE0119,CHIMBOTE,ELNM,-78.486941919,-8.99981554300001
20260213,20241231,34239867,"13,2 kV",380/220 V,7.65,0.0,10.0,E344168,Tercero,776893.91,9003777.29,SE0119,CHIMBOTE,ELNM,-78.481563428,-9.00377817499998
20260213,20241231,34240068,10 kV,380/220 V,7.65,0.0,10.0,E344169,Tercero,777385.0,9003831.09,SE0119,CHIMBOTE,ELNM,-78.477103157,-9.00326145100001
20260213,20241231,34240227,"13,2 kV",380/220 V,100.0,0.0,160.0,E344170,Distribuidora,776177.94,8988043.8,SE0119,CHIMBOTE,ELNM,-78.487081177,-9.145995239
20260213,20241231,34266524,"13,2 kV",380/220 V,74.89,1.61,100.0,E344174,Tercero,771424.76,8991933.44,SE0119,CHIMBOTE,ELNM,-78.530544075,-9.111143277
20260213,20241231,34268243,"13,2 kV",220 V,28.31,0.0,37.0,E344177,Distribuidora,765358.16,8998527.21,SE0119,CHIMBOTE,ELNM,-78.586103611,-9.05192578200001
20260213,20241231,35210858,10 kV,380/220 V,76.5,0.0,100.0,E344262,Distribuidora,774968.98,8991339.2,SE0119,CHIMBOTE,ELNM,-78.498281935,-9.116292896
20260213,20241231,35211272,"13,2 kV",380/220 V,57.38,0.0,75.0,E344258,Distribuidora,771820.34,8997934.5,SE0119,CHIMBOTE,ELNM,-78.527319354,-9.05688983599998
20260213,20241231,35475598,10 kV,380/220 V,26.89,1.42,37.0,E344270,Distribuidora,768187.19,8993406.4,SE0119,CHIMBOTE,ELNM,-78.560071712,-9.09803106499999
20260213,20241231,35475738,10 kV,380/220 V,38.25,0.0,50.0,E344269,Distribuidora,770963.53,8991983.53,SE0119,CHIMBOTE,ELNM,-78.534740834,-9.11071907299998
20260213,20241231,35475857,10 kV,380/220 V,72.68,3.83,100.0,E344271,Distribuidora,772394.43,8990232.78,SE0119,CHIMBOTE,ELNM,-78.521621494,-9.126451374
20260213,20241231,35476601,"13,2 kV",440/220 V,38.25,0.0,50.0,CH2916,Distribuidora,772783.97,8999953.01,SE0119,CHIMBOTE,ELNM,-78.518684147,-9.03859020700003
20260213,20241231,32425798,"13,2 kV",380/220 V,76.43,0.07,100.0,E344004,Distribuidora,771657.43,8990342.44,SE0119,CHIMBOTE,ELNM,-78.528329612,-9.12550608599997
20260213,20241231,32446422,"13,2 kV",220 V,1.73,0.0,100.0,E344001,Distribuidora,771138.67,8993090.61,SE0119,CHIMBOTE,ELNM,-78.533217031,-9.100704038
20260213,20241231,2684723,"13,2 kV",380/220 V,9.0,0.0,10.0,CH7664,Tercero,770155.53,8997949.2,SE0119,CHIMBOTE,ELNM,-78.542455004,-9.05685895099998
20260213,20241231,2684729,"13,2 kV",380/220 V,7.65,0.0,1000.0,CH7668,Tercero,768192.24,8993312.53,SE0119,CHIMBOTE,ELNM,-78.560020046,-9.09887904099998
20260213,20241231,2687295,"13,2 kV",220 V,3.04,0.0,20.0,CH7770,Tercero,768566.15,8992618.43,SE0119,CHIMBOTE,ELNM,-78.556577783,-9.10512867400001
20260213,20241231,31742444,"22,9 kV",380/220 V,43.74,0.0,100.0,E343958,Distribuidora,775642.55,8987450.95,SE0119,CHIMBOTE,ELNM,-78.491911886,-9.151386124
20260213,20241231,31742446,"22,9 kV",380/220 V,13.36,0.0,250.0,E343959,Distribuidora,775855.98,8987678.54,SE0119,CHIMBOTE,ELNM,-78.489985581,-9.14931611499998
20260213,20241231,32483878,"13,2 kV",380/220 V,1.0,0.0,100.0,E344047,Distribuidora,772697.78,8990948.41,SE0119,CHIMBOTE,ELNM,-78.518907951,-9.119965756
20260213,20241231,32483996,"13,2 kV",380/220 V,57.31,0.07,75.0,E344048,Distribuidora,767680.07,8993782.69,SE0119,CHIMBOTE,ELNM,-78.564705552,-9.09466144800001
20260213,20241231,31744647,"13,2 kV",380/220 V,26.0,2.31,37.0,E343971,Distribuidora,766387.92,8999067.71,SE0119,CHIMBOTE,ELNM,-78.576774599,-9.04697948400002
20260213,20241231,31744739,"13,2 kV",380/220 V,72.23,4.27,100.0,E343964,Distribuidora,766995.0,8996100.42,SE0119,CHIMBOTE,ELNM,-78.571075446,-9.07375798800001
20260213,20241231,31744831,"13,2 kV",380/220 V,53.11,4.27,75.0,E343965,Distribuidora,767007.45,8996283.87,SE0119,CHIMBOTE,ELNM,-78.570973412,-9.07209942100002
20260213,20241231,31744923,"13,2 kV",380/220 V,17.41,1.72,25.0,E343966,Distribuidora,767118.8,8995370.03,SE0119,CHIMBOTE,ELNM,-78.569905441,-9.08035093900003
20260213,20241231,31745015,"13,2 kV",380/220 V,17.59,1.54,25.0,E343968,Distribuidora,767194.2,8995532.55,SE0119,CHIMBOTE,ELNM,-78.569229818,-9.07887770399998
20260213,20241231,31745107,"13,2 kV",380/220 V,52.74,4.64,75.0,E343967,Distribuidora,767198.09,8995371.74,SE0119,CHIMBOTE,ELNM,-78.569184657,-9.08033068600002
20260213,20241231,31745199,"13,2 kV",380/220 V,54.51,2.87,75.0,E343969,Distribuidora,767262.32,8995414.52,SE0119,CHIMBOTE,ELNM,-78.568603297,-9.07994020000001
20260213,20241231,30344021,"13,2 kV",220 V,31.9,0.0,50.0,E343942,Distribuidora,767072.77,8994679.12,SE0119,CHIMBOTE,ELNM,-78.570281857,-9.08659738599999
20260213,20241231,30540357,"13,2 kV",380/220 V,118.93,3.48,160.0,E343949,Distribuidora,772324.92,8992518.49,SE0119,CHIMBOTE,ELNM,-78.522396002,-9.10580081400002
20260213,20241231,32571387,"13,2 kV",380/220 V,122.33,0.07,160.0,E344041,Distribuidora,772819.48,8990912.76,SE0119,CHIMBOTE,ELNM,-78.517799172,-9.12028035200001
20260213,20241231,32571636,"13,2 kV",380/220 V,38.18,0.07,50.0,E344042,Distribuidora,771707.78,8989693.19,SE0119,CHIMBOTE,ELNM,-78.527831361,-9.13136995399998
20260213,20241231,32657690,10 kV,380/220 V,185.5,5.75,250.0,E344023,Distribuidora,771843.47,8990066.25,SE0119,CHIMBOTE,ELNM,-78.526620808,-9.12799037600001
20260213,20241231,32657903,"13,2 kV",220 V,34.91,3.35,50.0,E344025,Distribuidora,771224.32,8990586.23,SE0119,CHIMBOTE,ELNM,-78.53228289,-9.123329829
20260213,20241231,33265775,10 kV,380/220 V,1.0,0.0,160.0,E344071,Distribuidora,776478.84,8988871.11,SE0119,CHIMBOTE,ELNM,-78.48439764,-9.13850048299997
20260213,20241231,33265777,10 kV,380/220 V,1.0,0.0,100.0,E344072,Distribuidora,776672.64,8988629.34,SE0119,CHIMBOTE,ELNM,-78.482620127,-9.14067295000001
20260213,20241231,33267917,"13,2 kV",380/220 V,1.0,0.0,250.0,E344111,Tercero,770778.08,8990454.48,SE0119,CHIMBOTE,ELNM,-78.536332219,-9.124547936
20260213,20241231,33268005,"13,2 kV",380/220 V,118.3,4.11,160.0,E344113,Distribuidora,773360.49,8989922.81,SE0119,CHIMBOTE,ELNM,-78.512818069,-9.129192364
20260213,20241231,33268111,"13,2 kV",380/220 V,74.19,2.32,100.0,E344114,Distribuidora,773385.55,8990078.09,SE0119,CHIMBOTE,ELNM,-78.512599938,-9.12778762300002
20260213,20241231,33300080,"13,2 kV",380/220 V,71.16,5.34,100.0,E344073,Distribuidora,765586.38,8999355.92,SE0119,CHIMBOTE,ELNM,-78.584078809,-9.04442306599998
20260213,20241231,33300186,"13,2 kV",380/220 V,73.0,3.51,100.0,E344074,Distribuidora,765713.02,8999632.21,SE0119,CHIMBOTE,ELNM,-78.58294419,-9.04191864900002
20260213,20241231,31805510,10 kV,380/220 V,244.8,0.0,320.0,E344027,Tercero,776246.01,9004127.02,SE0119,CHIMBOTE,ELNM,-78.487474208,-9.000658149
20260213,20241231,31861810,"13,2 kV",380/220 V,7.86,0.0,75.0,E344019,Distribuidora,768239.74,8992736.86,SE0119,CHIMBOTE,ELNM,-78.559552879,-9.10407835400002
20260213,20241231,32658009,"13,2 kV",220 V,40.53,1.12,100.0,E344026,Distribuidora,770882.66,8990695.98,SE0119,CHIMBOTE,ELNM,-78.535396293,-9.12235914600001
20260213,20241231,32659111,"13,2 kV",440/220 V,1.0,0.0,75.0,E344028,Tercero,776256.0,9004033.0,SE0119,CHIMBOTE,ELNM,-78.48737754,-9.00150712599998
20260213,20241231,32659113,"13,2 kV",440/220 V,1.0,0.0,320.0,E344029,Tercero,777954.2,9003712.86,SE0119,CHIMBOTE,ELNM,-78.471922152,-9.00429430200001
20260213,20241231,32659115,10 kV,380/220 V,1.0,0.0,100.0,E344030,Tercero,777896.99,9004143.48,SE0119,CHIMBOTE,ELNM,-78.472469182,-9.00040669100002
20260213,20241231,33300292,"13,2 kV",380/220 V,73.29,3.21,100.0,E344075,Distribuidora,765516.52,8999715.3,SE0119,CHIMBOTE,ELNM,-78.584735565,-9.04117954200001
20260213,20241231,33300398,"13,2 kV",380/220 V,70.31,6.2,100.0,E344076,Distribuidora,765655.22,8999732.07,SE0119,CHIMBOTE,ELNM,-78.583475666,-9.04101968100002
20260213,20241231,33300504,"13,2 kV",380/220 V,73.41,3.09,100.0,E344077,Distribuidora,765407.4,8999495.13,SE0119,CHIMBOTE,ELNM,-78.585714304,-9.04317575099998
20260213,20241231,33377466,"13,2 kV",380/220 V,1.0,0.0,50.0,E344086,Distribuidora,765738.56,8996224.18,SE0119,CHIMBOTE,ELNM,-78.582506095,-9.07271535299998
20260213,20241231,33379499,"13,2 kV",380/220 V,1.0,0.0,25.0,E344089,Tercero,781244.0,9012539.4,SE0119,CHIMBOTE,ELNM,-78.442579135,-8.924330704
20260213,20241231,33379886,10 kV,380/220 V,1.0,0.0,160.0,E344091,Tercero,778541.05,9006355.86,SE0119,CHIMBOTE,ELNM,-78.466754279,-8.98037494900001
20260213,20241231,33379992,"13,2 kV",440/220 V,1.0,0.0,125.0,E344092,Tercero,778466.09,9005002.26,SE0119,CHIMBOTE,ELNM,-78.46735056,-8.99261103399999
20260213,20241231,33380296,"13,2 kV",440/220 V,1.0,0.0,100.0,E344093,Tercero,778643.42,9006509.69,SE0119,CHIMBOTE,ELNM,-78.465833539,-8.97897852099999
20260213,20241231,33380402,"13,2 kV",440/220 V,1.0,0.0,350.0,E344094,Tercero,778958.89,9006625.36,SE0119,CHIMBOTE,ELNM,-78.462973648,-8.97791360399998
20260213,20241231,33380901,10 kV,380/220 V,76.43,0.07,100.0,E344095,Distribuidora,766102.72,8997820.19,SE0119,CHIMBOTE,ELNM,-78.57929192,-9.05827039100001
20260213,20241231,31957326,"13,2 kV",220 V,28.24,0.07,37.0,E343962,Distribuidora,763123.2,8999598.31,SE0119,CHIMBOTE,ELNM,-78.606486237,-9.04237951099998
20260213,20241231,32712541,"13,2 kV",380/220 V,0.34,0.0,75.0,E344010,Distribuidora,764996.25,8997582.82,SE0119,CHIMBOTE,ELNM,-78.589336917,-9.06048191799999
20260213,20241231,32712942,"13,2 kV",380/220 V,122.33,0.07,160.0,E344011,Distribuidora,765567.99,8997612.24,SE0119,CHIMBOTE,ELNM,-78.584140767,-9.06018175999998
20260213,20241231,32080306,"13,2 kV",380/220 V,76.43,0.07,100.0,E343976,Distribuidora,770325.86,8992690.09,SE0119,CHIMBOTE,ELNM,-78.540582431,-9.10437337399998
20260213,20241231,33480850,"13,2 kV",380/220 V,37.27,0.98,50.0,E344097,Distribuidora,775855.44,9011066.33,SE0119,CHIMBOTE,ELNM,-78.49145501,-8.93797611500003
20260213,20241231,32109602,"13,2 kV",220 V,1.0,0.0,175.0,E343977,Tercero,767019.66,8994242.83,SE0119,CHIMBOTE,ELNM,-78.570738148,-9.09054329600002
20260213,20241231,32110395,"13,2 kV",220 V,10.82,0.0,400.0,E343979,Tercero,771350.84,8990827.17,SE0119,CHIMBOTE,ELNM,-78.531147466,-9.12114473999998
20260213,20241231,33521064,"13,2 kV",220 V,38.25,0.0,50.0,E344176,Distribuidora,779364.01,9009546.59,SE0119,CHIMBOTE,ELNM,-78.459475285,-8.95149157200001
20260213,20241231,33597750,10 kV,380/220 V,75.19,1.31,100.0,E344109,Distribuidora,771256.49,8990246.74,SE0119,CHIMBOTE,ELNM,-78.53196928,-9.126395672
20260213,20241231,33597992,"13,2 kV",380/220 V,37.6,0.66,50.0,E344110,Distribuidora,767229.43,8996412.06,SE0119,CHIMBOTE,ELNM,-78.568963061,-9.07092756200001
20260213,20241231,33598319,"13,2 kV",380/220 V,73.58,2.92,100.0,E344112,Distribuidora,771696.44,8993164.13,SE0119,CHIMBOTE,ELNM,-78.528150323,-9.10000528900002
20260213,20241231,32823206,"13,2 kV",380/220 V,57.31,0.07,75.0,E344032,Distribuidora,771403.31,8992049.58,SE0119,CHIMBOTE,ELNM,-78.530746316,-9.11009509199999
20260213,20241231,32840619,"22,9 kV",380/220 V,4.27,0.0,100.0,E344043,Distribuidora,774716.66,8987197.55,SE0119,CHIMBOTE,ELNM,-78.50031509,-9.15373412500003
20260213,20241231,32840725,"22,9 kV",380/220 V,6.22,0.0,100.0,E344044,Distribuidora,774815.49,8987282.0,SE0119,CHIMBOTE,ELNM,-78.499421746,-9.15296480199999
20260213,20241231,32842329,10 kV,380/220 V,55.96,1.42,75.0,E344046,Distribuidora,770983.6,8990414.13,SE0119,CHIMBOTE,ELNM,-78.534460985,-9.12489988599998
20260213,20241231,33651424,"13,2 kV",220 V,38.25,0.0,50.0,E344152,Distribuidora,765408.1,9000108.07,SE0119,CHIMBOTE,ELNM,-78.585744856,-9.03763657600001
20260213,20241231,33705605,"13,2 kV",380/220 V,74.03,2.48,100.0,E344126,Distribuidora,765670.09,8998546.33,SE0119,CHIMBOTE,ELNM,-78.583268951,-9.05173428900002
20260213,20241231,33705607,"13,2 kV",380/220 V,117.97,4.43,160.0,E344127,Distribuidora,765583.98,8998379.86,SE0119,CHIMBOTE,ELNM,-78.584041745,-9.05324383999999
20260213,20241231,33705609,"13,2 kV",380/220 V,73.33,3.18,100.0,E344128,Distribuidora,765307.38,8998393.69,SE0119,CHIMBOTE,ELNM,-78.586557212,-9.05313544500001
20260213,20241231,33705611,"13,2 kV",380/220 V,74.14,2.37,100.0,E344129,Distribuidora,765151.55,8998507.23,SE0119,CHIMBOTE,ELNM,-78.587980741,-9.05211872000001
20260213,20241231,33705613,"13,2 kV",380/220 V,74.74,1.76,100.0,E344130,Distribuidora,765428.21,8998477.65,SE0119,CHIMBOTE,ELNM,-78.585463784,-9.05236945600001
20260213,20241231,33706135,"13,2 kV",380/220 V,35.89,2.37,50.0,E344131,Distribuidora,765504.6,8998640.4,SE0119,CHIMBOTE,ELNM,-78.584779125,-9.05089410699998
20260213,20241231,33706241,"13,2 kV",380/220 V,74.58,1.92,100.0,E344132,Distribuidora,765547.8,8998767.31,SE0119,CHIMBOTE,ELNM,-78.584394043,-9.04974463399998
20260213,20241231,33706347,"13,2 kV",380/220 V,36.16,2.09,50.0,E344133,Distribuidora,765607.61,8998833.73,SE0119,CHIMBOTE,ELNM,-78.58385431,-9.04914081099997
20260213,20241231,32896539,"22,9 kV",380/220 V,240.91,0.07,315.0,E344049,Distribuidora,775900.99,8985704.27,SE0119,CHIMBOTE,ELNM,-78.489451026,-9.16715332799998
20260213,20241231,32896541,"22,9 kV",380/220 V,240.91,0.07,315.0,E344050,Distribuidora,776069.77,8985560.09,SE0119,CHIMBOTE,ELNM,-78.48790707,-9.16844551899999
20260213,20241231,32896543,"22,9 kV",380/220 V,240.91,0.07,315.0,E344051,Distribuidora,776262.71,8985365.02,SE0119,CHIMBOTE,ELNM,-78.486140167,-9.17019602699997
20260213,20241231,32899032,"13,2 kV",380/220 V,119.64,2.77,160.0,E344056,Distribuidora,770814.83,8989279.31,SE0119,CHIMBOTE,ELNM,-78.535925101,-9.135165223
20260213,20241231,32899034,"13,2 kV",380/220 V,120.09,2.31,160.0,E344057,Distribuidora,770809.3,8989627.77,SE0119,CHIMBOTE,ELNM,-78.535997028,-9.13201666800001
20260213,20241231,32899036,"13,2 kV",380/220 V,119.71,2.7,160.0,E344058,Distribuidora,770693.23,8989499.78,SE0119,CHIMBOTE,ELNM,-78.537044493,-9.13318042600002
20260213,20241231,31334408,"13,2 kV",380/220 V,56.52,0.86,75.0,E343980,Distribuidora,771091.72,8991430.15,SE0119,CHIMBOTE,ELNM,-78.533540961,-9.11571184899998
20260213,20241231,31341111,"13,2 kV",380/220 V,118.65,3.75,160.0,E344014,Distribuidora,772334.35,8992224.66,SE0119,CHIMBOTE,ELNM,-78.522291966,-9.10845543300002
20260213,20241231,31372850,10 kV,220 V,128.88,0.0,400.0,E343953,Distribuidora,772587.06,8991216.44,SE0119,CHIMBOTE,ELNM,-78.519931396,-9.11755057200003
20260213,20241231,33706453,"13,2 kV",380/220 V,74.41,2.09,100.0,E344134,Distribuidora,765376.5,8998934.92,SE0119,CHIMBOTE,ELNM,-78.585961458,-9.04824021299999
20260213,20241231,33706559,"13,2 kV",380/220 V,36.0,2.26,50.0,E344135,Distribuidora,765521.25,8999007.67,SE0119,CHIMBOTE,ELNM,-78.584649909,-9.04757409799998
20260213,20241231,33706665,"13,2 kV",380/220 V,74.08,2.42,100.0,E344136,Distribuidora,765339.45,8999049.25,SE0119,CHIMBOTE,ELNM,-78.586305174,-9.04720923399998
20260213,20241231,33706771,"13,2 kV",380/220 V,36.44,1.82,50.0,E344137,Distribuidora,765231.4,8999094.59,SE0119,CHIMBOTE,ELNM,-78.587290196,-9.04680596700001
20260213,20241231,33706877,"13,2 kV",380/220 V,478.82,3.14,630.0,E344138,Distribuidora,765167.17,8998626.92,SE0119,CHIMBOTE,ELNM,-78.587845948,-9.051036146
20260213,20241231,33706983,"13,2 kV",380/220 V,74.33,2.18,100.0,E344139,Distribuidora,765153.0,8998923.93,SE0119,CHIMBOTE,ELNM,-78.58799266,-9.04835291500001
20260213,20241231,33707089,"13,2 kV",380/220 V,74.36,2.15,100.0,E344140,Distribuidora,764972.04,8998842.79,SE0119,CHIMBOTE,ELNM,-78.589632907,-9.04909700799999
20260213,20241231,33707195,"13,2 kV",380/220 V,73.92,2.59,100.0,E344141,Distribuidora,765004.34,8999040.04,SE0119,CHIMBOTE,ELNM,-78.589351135,-9.047312525
20260213,20241231,33707301,"13,2 kV",380/220 V,74.19,2.31,100.0,E344142,Distribuidora,764837.36,8999012.49,SE0119,CHIMBOTE,ELNM,-78.590867511,-9.04757148200002
20260213,20241231,33707407,"13,2 kV",380/220 V,73.3,3.21,100.0,E344143,Distribuidora,764703.57,8999134.14,SE0119,CHIMBOTE,ELNM,-78.592091126,-9.04648012400003
20260213,20241231,33721564,"13,2 kV",380/220 V,55.84,1.54,75.0,E344117,Distribuidora,772239.08,8991796.06,SE0119,CHIMBOTE,ELNM,-78.523131488,-9.11233438699998
20260213,20241231,32325951,"13,2 kV",380/220 V,119.04,3.36,160.0,E343986,Distribuidora,764197.15,8996563.16,SE0119,CHIMBOTE,ELNM,-78.596540597,-9.069744442
20260213,20241231,32325953,"13,2 kV",380/220 V,72.65,3.86,100.0,E343987,Distribuidora,763880.45,8996547.76,SE0119,CHIMBOTE,ELNM,-78.599419021,-9.06990253800001
20260213,20241231,32325955,"13,2 kV",380/220 V,70.8,5.7,100.0,E343988,Distribuidora,764112.03,8996478.19,SE0119,CHIMBOTE,ELNM,-78.597309374,-9.07051740899999
20260213,20241231,32325957,"13,2 kV",380/220 V,72.22,4.28,100.0,E343989,Distribuidora,763877.86,8996419.73,SE0119,CHIMBOTE,ELNM,-78.599434876,-9.07105970800001
20260213,20241231,32325959,"13,2 kV",380/220 V,72.49,4.01,100.0,E343990,Distribuidora,764075.46,8996343.95,SE0119,CHIMBOTE,ELNM,-78.597633786,-9.07173272900002
20260213,20241231,32325961,"13,2 kV",380/220 V,72.3,4.2,100.0,E343991,Distribuidora,763843.65,8996304.88,SE0119,CHIMBOTE,ELNM,-78.599739004,-9.072099659
20260213,20241231,32325963,"13,2 kV",380/220 V,73.8,2.7,100.0,E343992,Distribuidora,763903.21,8996210.35,SE0119,CHIMBOTE,ELNM,-78.599191815,-9.072950375
20260213,20241231,32325965,"13,2 kV",380/220 V,73.69,2.81,100.0,E343993,Distribuidora,764076.18,8996157.54,SE0119,CHIMBOTE,ELNM,-78.597616028,-9.07341728300003
20260213,20241231,32325967,"13,2 kV",380/220 V,76.41,0.09,100.0,E343994,Distribuidora,763903.82,8996102.17,SE0119,CHIMBOTE,ELNM,-78.599179766,-9.07392796800002
20260213,20241231,32960870,"13,2 kV",380/220 V,10.99,0.0,100.0,E344052,Tercero,770325.23,8992661.64,SE0119,CHIMBOTE,ELNM,-78.540586401,-9.10463050499999
20260213,20241231,32961501,"13,2 kV",380/220 V,9.26,19.05,37.0,E344059,Distribuidora,766326.53,8997949.75,SE0119,CHIMBOTE,ELNM,-78.577265041,-9.05708609999999
20260213,20241231,32962920,"13,2 kV",380/220 V,54.04,3.34,75.0,E344066,Distribuidora,772266.59,8992637.92,SE0119,CHIMBOTE,ELNM,-78.522933779,-9.10472519000001
20260213,20241231,32963571,10 kV,380/220 V,73.95,2.56,100.0,E344067,Distribuidora,764768.84,8999799.34,SE0119,CHIMBOTE,ELNM,-78.591537731,-9.04046479300001
20260213,20241231,32963573,10 kV,380/220 V,71.14,5.37,100.0,E344068,Distribuidora,764659.28,8999980.59,SE0119,CHIMBOTE,ELNM,-78.59254462,-9.038833372
20260213,20241231,32963575,10 kV,380/220 V,72.05,4.45,100.0,E344069,Distribuidora,764654.47,9000124.55,SE0119,CHIMBOTE,ELNM,-78.592596991,-9.037532688
20260213,20241231,32963577,10 kV,380/220 V,74.16,2.35,100.0,E344070,Distribuidora,764653.86,9000247.24,SE0119,CHIMBOTE,ELNM,-78.592609902,-9.03642396999999
20260213,20241231,33008931,"13,2 kV",380/220 V,1.0,0.0,75.0,E344054,Distribuidora,763782.49,8995864.94,SE0119,CHIMBOTE,ELNM,-78.600268622,-9.07607908099999
20260213,20241231,33723059,"13,2 kV",380/220 V,1.0,0.0,75.0,E344122,Distribuidora,763980.75,8999118.89,SE0119,CHIMBOTE,ELNM,-78.598661458,-9.04666107100002
